x_m,y_m,sigma_xx_Pa,sigma_xy_Pa,sigma_yy_Pa,von_mises_Pa,sigma_max_principal_Pa,sigma_min_principal_Pa,sigma_tension_Pa,sigma_comp_mag_Pa,is_surface,wss_mag_dyn_cm2,wss_x_dyn_cm2,wss_y_dyn_cm2,pressure_Pa,normal_x,normal_y
3.8383284109e-04,3.5346002438e-05,-6.8588527746e+00,-1.1124789069e+01,1.8408615355e+01,2.9131618477e+01,2.2594029060e+01,-1.1044266480e+01,2.2594029060e+01,1.1044289081e+01,1.0000000000e+00,2.2308843868e+00,9.6659146989e-01,-2.0106083849e+00,1.3712663172e+01,9.0126068246e-01,4.3327725794e-01
3.7444778069e-04,5.2636567221e-05,-6.7387916253e+00,-1.0338061927e+01,1.1053091361e+01,2.3613835817e+01,1.5790604334e+01,-1.1476304598e+01,1.5790604334e+01,1.1476304558e+01,1.0000000000e+00,5.2229524297e+00,2.6835154519e+00,-4.4808455567e+00,1.3594313572e+01,8.5791429598e-01,5.1379281890e-01
3.7190866875e-04,5.6731801703e-05,-6.6453805681e+00,-1.0201989810e+01,9.6587862316e+00,2.2611047579e+01,1.4561197238e+01,-1.1547791574e+01,1.4561197238e+01,1.1547791574e+01,1.0000000000e+00,5.8827503811e+00,3.1188306712e+00,-4.9879502093e+00,1.3584543662e+01,8.4789424779e-01,5.3016539359e-01
3.6660201254e-04,6.4661755964e-05,-6.4121270016e+00,-9.9544190766e+00,7.2042681150e+00,2.0882545365e+01,1.2452613745e+01,-1.1660472631e+01,1.2452613745e+01,1.1660472631e+01,1.0000000000e+00,7.9121743549e+00,4.5770741906e+00,-6.4539053972e+00,1.3583208793e+01,8.1569302037e-01,5.7848500113e-01
3.6099980506e-04,7.2252574172e-05,-6.1352848499e+00,-9.7273233256e+00,5.1083428644e+00,1.9454591839e+01,1.0718642843e+01,-1.1745584828e+01,1.0718642843e+01,1.1745584828e+01,1.0000000000e+00,9.2764727685e+00,5.6549353358e+00,-7.3535469927e+00,1.3604705084e+01,7.9270938170e-01,6.0959973439e-01
3.5511557324e-04,7.9512628367e-05,-5.8277463108e+00,-9.5124224515e+00,3.2917248528e+00,1.8266811397e+01,9.2783377482e+00,-1.1814359206e+01,9.2783377482e+00,1.1814359206e+01,1.0000000000e+00,1.0627394619e+01,6.7970846248e+00,-8.1695261177e+00,1.3643284675e+01,7.6872332408e-01,6.3958146550e-01
3.5207228277e-04,8.3020999763e-05,-5.6647222383e+00,-9.4088420426e+00,2.4722108402e+00,1.7750896063e+01,8.6522289211e+00,-1.1844740319e+01,8.6522289211e+00,1.1844740319e+01,1.0000000000e+00,1.1946615336e+01,7.9833965802e+00,-8.8874629128e+00,1.3697046406e+01,7.4393145363e-01,6.6825593323e-01
3.4896409021e-04,8.6449494599e-05,-5.4962756519e+00,-9.3073628727e+00,1.7025210202e+00,1.7280804475e+01,8.0801997995e+00,-1.1873954431e+01,8.0801997995e+00,1.1873954431e+01,1.0000000000e+00,1.2590993614e+01,8.5880106344e+00,-9.2075617575e+00,1.3729625794e+01,7.3128158429e-01,6.8207568823e-01
3.4579289808e-04,8.9798962251e-05,-5.3228466067e+00,-9.2090829348e+00,9.8094783083e-01,1.6854605608e+01,7.5600616971e+00,-1.1901960473e+01,7.5600616971e+00,1.1901960473e+01,1.0000000000e+00,1.3222260117e+01,9.1965858174e+00,-9.5000511530e+00,1.3765012868e+01,7.1848920448e-01,6.9553811042e-01
3.4256056264e-04,9.3070301672e-05,-5.1464087388e+00,-9.1101710081e+00,3.0111877893e-01,1.6466011072e+01,7.0840109447e+00,-1.1929300905e+01,7.0840109447e+00,1.1929300905e+01,1.0000000000e+00,1.3841301986e+01,9.8084315545e+00,-9.7660796177e+00,1.3804658715e+01,7.0557521451e-01,7.0863503770e-01
3.3926908425e-04,9.6264271345e-05,-4.9654274413e+00,-9.0138349322e+00,-3.4191974667e-01,1.6114529607e+01,6.6500544122e+00,-1.1957401600e+01,6.6500544122e+00,1.1957401600e+01,1.0000000000e+00,1.4446092489e+01,1.0420840825e+01,-1.0004782092e+01,1.3845550709e+01,6.9255974232e-01,7.2136052243e-01
3.3592027107e-04,9.9381780916e-05,-4.7807311923e+00,-8.9194042173e+00,-9.4671122789e-01,1.5798275139e+01,6.2574171941e+00,-1.1984859614e+01,6.2574171941e+00,1.1984859614e+01,1.0000000000e+00,1.5037605574e+01,1.1033314922e+01,-1.0217413725e+01,1.3890424342e+01,6.7945748906e-01,7.3371487688e-01
3.3251593910e-04,1.0242362065e-04,-4.5935695409e+00,-8.8249496723e+00,-1.5198834346e+00,1.5512419196e+01,5.8993729110e+00,-1.2012825886e+01,5.8993729110e+00,1.2012825886e+01,1.0000000000e+00,1.6172514413e+01,1.2247738546e+01,-1.0561397775e+01,1.3987553282e+01,6.5304611921e-01,7.5731814067e-01
3.2905794660e-04,1.0539054017e-04,-4.4032292263e+00,-8.7313955401e+00,-2.0638631992e+00,1.5256034805e+01,5.5745295886e+00,-1.2041622014e+01,5.5745295886e+00,1.2041622014e+01,1.0000000000e+00,1.6719397518e+01,1.2849946188e+01,-1.0696594615e+01,1.4040114721e+01,6.3977153502e-01,7.6856514557e-01
3.2198793988e-04,1.1110279793e-04,-4.0138995036e+00,-8.5475777278e+00,-3.0704831989e+00,1.4825387703e+01,5.0172502298e+00,-1.2101632932e+01,5.0172502298e+00,1.2101632932e+01,1.0000000000e+00,1.7762890144e+01,1.4032225115e+01,-1.0891139729e+01,1.4150913486e+01,6.1314007126e-01,7.8997421035e-01
3.1102304630e-04,1.1912844712e-04,-3.4102670334e+00,-8.2752395526e+00,-4.4062866505e+00,1.4357740588e+01,4.3811685516e+00,-1.2197722236e+01,4.3811685516e+00,1.2197722236e+01,1.0000000000e+00,1.9213846067e+01,1.5744488724e+01,-1.1012854103e+01,1.4331190725e+01,5.7317280801e-01,8.1943451975e-01
2.9966400192e-04,1.2651982299e-04,-2.7826412027e+00,-8.0077082052e+00,-5.5686904792e+00,1.4076881697e+01,3.9516255962e+00,-1.2302957278e+01,3.9516255962e+00,1.2302957278e+01,1.0000000000e+00,2.0945704607e+01,1.7888966012e+01,-1.0895294238e+01,1.4592884055e+01,5.2016842796e-01,8.5406370169e-01
2.8794945006e-04,1.3329462730e-04,-2.1294302759e+00,-7.7396652012e+00,-6.5921609545e+00,1.3950375617e+01,3.6934575026e+00,-1.2415048733e+01,3.6934575026e+00,1.2415048733e+01,1.0000000000e+00,2.2109353560e+01,1.9385745998e+01,-1.0630915622e+01,1.4802164717e+01,4.8083339899e-01,8.7681197666e-01
2.7591388290e-04,1.3946844459e-04,-1.4451394741e+00,-7.4705305229e+00,-7.5007982385e+00,1.3960758314e+01,3.5872787142e+00,-1.2533216427e+01,3.5872787142e+00,1.2533216427e+01,1.0000000000e+00,2.3496676830e+01,2.1223972932e+01,-1.0081507577e+01,1.5094935835e+01,4.2906099659e-01,9.0327551788e-01
2.6358769781e-04,1.4505437034e-04,-7.2241581071e-01,-7.1965480802e+00,-8.3147074356e+00,1.4091798375e+01,3.6173419623e+00,-1.2654465209e+01,3.6173419622e+00,1.2654465209e+01,1.0000000000e+00,2.4438316562e+01,2.2495586139e+01,-9.5488177622e+00,1.5323769252e+01,3.9073140484e-01,9.2050473615e-01
2.4674588965e-04,1.5160420718e-04,3.1768830343e-01,-6.8212199998e+00,-9.2785178349e+00,1.4443610322e+01,3.8586075409e+00,-1.2819437072e+01,3.8586075456e+00,1.2819437072e+01,1.0000000000e+00,2.5584147565e+01,2.4058535374e+01,-8.7026135307e+00,1.5639521192e+01,3.4015647809e-01,9.4036884806e-01
2.2948666617e-04,1.5713787956e-04,1.4798241539e+00,-6.4213465114e+00,-1.0130716388e+01,1.4991933772e+01,4.3301508817e+00,-1.2981043116e+01,4.3301508962e+00,1.2981043116e+01,1.0000000000e+00,2.6881492483e+01,2.5827484757e+01,-7.4535675532e+00,1.6051437521e+01,2.7727506417e-01,9.6079058009e-01
8.7776686004e-05,1.5471451175e-04,1.1119446930e+01,2.1180171858e+00,-1.7486119236e+01,2.4974200083e+01,1.1235524988e+01,-1.7602197293e+01,1.1027307334e+01,1.7606868242e+01,1.0000000000e+00,2.5375830674e+01,2.3686785181e+01,9.1032406415e+00,2.0200674630e+01,-3.5873665609e-01,9.3343880977e-01
7.7391533584e-05,1.4873064715e-04,1.0565173197e+01,1.0905210303e+01,-1.8057468709e+01,2.8196048129e+01,1.2532848221e+01,-2.0025143733e+01,9.7242290560e+00,1.9412978422e+01,1.0000000000e+00,2.2227443847e+01,1.8891933442e+01,1.1711281347e+01,2.1079939823e+01,-5.2688385707e-01,8.4993729249e-01
5.8404179752e-05,1.3772215813e-04,-6.8403733885e+01,-1.7679268235e+01,-3.7359379149e+01,4.0621342634e+01,-2.9428813412e+01,-7.6334299622e+01,-9.4801005919e-06,7.6334299667e+01,1.0000000000e+00,8.4164309075e+00,8.1539698214e+00,2.0854460846e+00,2.0110838750e+01,-2.4778271306e-01,9.6881563112e-01
3.8166849854e-05,1.3430098066e-04,-5.6780943969e+01,-8.1295432342e+00,-3.3633440653e+01,2.4445119881e+01,-3.1093795767e+01,-5.9320588855e+01,1.8241443983e-08,5.9320588855e+01,1.0000000000e+00,1.1864686258e+01,1.1766798425e+01,1.5209322231e+00,1.9838945800e+01,-1.2818983916e-01,9.9174964842e-01
1.9257439053e-05,1.3236708261e-04,-4.9668111134e+01,-6.6936787513e+00,-3.4322459490e+01,1.7569728962e+01,-3.1851397567e+01,-5.2139173058e+01,9.4872577452e-09,5.2139173058e+01,1.0000000000e+00,1.3965943436e+01,1.3916264253e+01,1.1769304660e+00,1.9834717447e+01,-8.4271461602e-02,9.9644283366e-01
1.6872114669e-05,1.3217865306e-04,-4.8850536740e+01,-5.9006693653e+00,-3.3786698406e+01,1.6497734172e+01,-3.1793646308e+01,-5.0843588838e+01,1.6202002658e-08,5.0843588838e+01,1.0000000000e+00,1.4382669256e+01,1.4340084157e+01,1.1059662349e+00,1.9840041275e+01,-7.6895756637e-02,9.9703913795e-01
2.4006919430e-06,1.3115775356e-04,-4.2337235342e+01,-2.8031644419e+00,-3.2413505118e+01,9.7949901393e+00,-3.1720230037e+01,-4.3030510424e+01,1.2945955386e-08,4.3030510424e+01,1.0000000000e+00,1.5509881152e+01,1.5474190482e+01,1.0515903633e+00,1.9902858322e+01,-6.7801316655e-02,9.9769884307e-01
-3.9128926570e-08,1.3099654452e-04,-4.1210764074e+01,-2.4051438003e+00,-3.2285597389e+01,8.7275712171e+00,-3.1709315140e+01,-4.1787046323e+01,1.2543892949e-08,4.1787046323e+01,1.0000000000e+00,1.5831546299e+01,1.5796372029e+01,1.0547459136e+00,1.9931318929e+01,-6.6623050815e-02,9.9777821639e-01
-1.4839984286e-05,1.3002645417e-04,-3.4756740900e+01,-4.2827677180e-01,-3.1731884928e+01,2.4688875642e+00,-3.1818900014e+01,-3.4669725814e+01,-1.6019797513e-08,3.4669725814e+01,1.0000000000e+00,1.6915419913e+01,1.6876772032e+01,1.1428020823e+00,2.0069159415e+01,-6.7559782033e-02,9.9771522783e-01
-1.7332439586e-05,1.2985989487e-04,-3.3731877799e+01,-1.3336613680e-01,-3.1662737888e+01,1.3169558196e+00,-3.1936963046e+01,-3.3457652640e+01,-3.2774582365e-08,3.3457652640e+01,1.0000000000e+00,1.6915419913e+01,1.6876772032e+01,1.1428020823e+00,2.0069159415e+01,-6.7559782033e-02,9.9771522783e-01
-3.2430583520e-05,1.2879569634e-04,-2.7967855523e+01,1.4722392675e+00,-3.1328935546e+01,3.7953201383e+00,-2.7457166431e+01,-3.1839624639e+01,-2.9161541270e-09,3.1839624638e+01,1.0000000000e+00,1.7728625475e+01,1.7678875110e+01,1.3272287130e+00,2.0234370595e+01,-7.4863599262e-02,9.9719378333e-01
-3.4969505021e-05,1.2860455668e-04,-2.7077140543e+01,1.7202958083e+00,-3.1281852827e+01,4.6454720398e+00,-2.6497432152e+01,-3.1861561218e+01,4.7097698656e-08,3.1861561218e+01,1.0000000000e+00,1.7895083092e+01,1.7841417349e+01,1.3848559016e+00,2.0278631696e+01,-7.7387508871e-02,9.9700109000e-01
-5.0324468123e-05,1.2735052614e-04,-2.2173446506e+01,3.1483512777e+00,-3.1021780896e+01,9.3845353104e+00,-2.1179449713e+01,-3.2015777689e+01,9.6746317157e-08,3.2015777689e+01,1.0000000000e+00,1.8320412919e+01,1.8252165760e+01,1.5798653646e+00,2.0416462052e+01,-8.6235248717e-02,9.9627480239e-01
-5.2902388929e-05,1.2712150917e-04,-2.1430514489e+01,3.3796019466e+00,-3.0979774365e+01,1.0112147431e+01,-2.0366893386e+01,-3.2043395468e+01,-5.9262191342e-08,3.2043395468e+01,1.0000000000e+00,1.8438838562e+01,1.8364752390e+01,1.6512532185e+00,2.0463690337e+01,-8.9552995051e-02,9.9598205861e-01
-6.8467914471e-05,1.2560924308e-04,-1.7408996626e+01,4.7508789238e+00,-3.0720899365e+01,1.4153588225e+01,-1.5893370024e+01,-3.2236525967e+01,1.0340970438e-06,3.2236525967e+01,1.0000000000e+00,1.8810025333e+01,1.8707438231e+01,1.9618378817e+00,2.0657577493e+01,-1.0429746090e-01,9.9454614757e-01
-7.1077004416e-05,1.2533255387e-04,-1.6811190804e+01,4.9792116466e+00,-3.0675240264e+01,1.4773440114e+01,-1.5213765907e+01,-3.2272665160e+01,-7.2525810026e-07,3.2272665160e+01,1.0000000000e+00,1.8879578908e+01,1.8768537141e+01,2.0446303651e+00,2.0707002063e+01,-1.0829851529e-01,9.9411841930e-01
-8.4176476241e-05,1.2383424407e-04,-1.4121736646e+01,6.1224608642e+00,-3.0428028833e+01,1.7653507797e+01,-1.2082625261e+01,-3.2467140218e+01,3.0681706490e-05,3.2467140218e+01,1.0000000000e+00,1.9037975364e+01,1.8898224728e+01,2.3025221145e+00,2.0856383228e+01,-1.2094364398e-01,9.9265937510e-01
-8.6806070828e-05,1.2351065321e-04,-1.3642405081e+01,6.3523071597e+00,-3.0374209517e+01,1.8187910157e+01,-1.1507512474e+01,-3.2509102124e+01,2.8759776414e-05,3.2509102124e+01,1.0000000000e+00,1.9075199869e+01,1.8924746864e+01,2.3910680019e+00,2.0906448686e+01,-1.2534956479e-01,9.9211263806e-01
-1.0263844808e-04,1.2139114276e-04,-1.1163298703e+01,7.7435535262e+00,-3.0012165523e+01,2.1123360429e+01,-8.3921542835e+00,-3.2783309943e+01,3.2443767409e-04,3.2783309943e+01,1.0000000000e+00,1.9155250256e+01,1.8956133828e+01,2.7547418546e+00,2.1107735419e+01,-1.4381132158e-01,9.8960512518e-01
-1.0528489906e-04,1.2100718001e-04,-1.0814610318e+01,7.9754263276e+00,-2.9944887315e+01,2.1567937085e+01,-7.9274945345e+00,-3.2832003098e+01,-2.2435706109e-04,3.2832003098e+01,1.0000000000e+00,1.9155250256e+01,1.8956133828e+01,2.7547418546e+00,2.1107735419e+01,-1.4381132158e-01,9.8960512518e-01
-1.1854105204e-04,1.1894958456e-04,-9.3363346751e+00,9.1533081948e+00,-2.9567408319e+01,2.3625345081e+01,-5.8117721553e+00,-3.3091970839e+01,2.5638912540e-03,3.3091970839e+01,1.0000000000e+00,1.9136907584e+01,1.8879523756e+01,3.1280688361e+00,2.1309000231e+01,-1.6345738320e-01,9.8655039602e-01
-1.2119603471e-04,1.1850983239e-04,-9.0913362166e+00,9.3904317492e+00,-2.9483363288e+01,2.4005422378e+01,-5.4278126802e+00,-3.3146886824e+01,3.3579227166e-03,3.3146886824e+01,1.0000000000e+00,1.9136907584e+01,1.8879523756e+01,3.1280688361e+00,2.1309000231e+01,-1.6345738320e-01,9.8655039602e-01
-1.3448166478e-04,1.1616495689e-04,-8.1171845030e+00,1.0578548354e+01,-2.9021700389e+01,2.5756067268e+01,-3.6991700754e+00,-3.3439714816e+01,-2.9236476174e-03,3.3439714816e+01,1.0000000000e+00,1.9031457429e+01,1.8705941935e+01,3.5048692125e+00,2.1509008366e+01,-1.8416189225e-01,9.8289592401e-01
-1.3979819610e-04,1.1515724795e-04,-7.8414089865e+00,1.1056253872e+01,-2.8812676284e+01,2.6390112978e+01,-3.0907038037e+00,-3.3563381467e+01,-2.9654105660e-03,3.3563381467e+01,1.0000000000e+00,1.8992889453e+01,1.8648777120e+01,3.5990223281e+00,2.1558828928e+01,-1.8949314358e-01,9.8188204410e-01
-1.5042883239e-04,1.1301866023e-04,-7.4760562678e+00,1.2010836081e+01,-2.8352449520e+01,2.7558632602e+01,-2.0032689428e+00,-3.3825236845e+01,5.2736364310e-02,3.3825236845e+01,1.0000000000e+00,1.8848415691e+01,1.8444700565e+01,3.8801797832e+00,2.1706964382e+01,-2.0586238370e-01,9.7858095167e-01
-1.5574068378e-04,1.1188654963e-04,-7.3817890425e+00,1.2484872223e+01,-2.8099492286e+01,2.8096821077e+01,-1.5189334523e+00,-3.3962347877e+01,-3.6314965570e-02,3.3962347877e+01,1.0000000000e+00,1.8791178051e+01,1.8366340696e+01,3.9731476159e+00,2.1756514835e+01,-2.1143685644e-01,9.7739165934e-01
-1.6635165040e-04,1.0949368594e-04,-7.3740577354e+00,1.3431045149e+01,-2.7540485879e+01,2.9086925401e+01,-6.6392759698e-01,-3.4250616018e+01,-2.8678362035e-01,3.4250616018e+01,1.0000000000e+00,1.8590143522e+01,1.8098176585e+01,4.2484633075e+00,2.1903537477e+01,-2.2853310962e-01,9.7353614099e-01
-1.7164851568e-04,1.0823178777e-04,-7.4552547878e+00,1.3899343655e+01,-2.7233049529e+01,2.9543051642e+01,-2.8746334024e-01,-3.4400840976e+01,-2.2705000628e-01,3.4400840976e+01,1.0000000000e+00,1.8514361332e+01,1.7998746970e+01,4.3389725774e+00,2.1951994251e+01,-2.3435712956e-01,9.7215057261e-01
-1.7693808826e-04,1.0692548323e-04,-7.5959096053e+00,1.4364992528e+01,-2.6906340224e+01,2.9975243751e+01,5.5090134257e-02,-3.4557339964e+01,5.5928677032e-02,3.4557339964e+01,1.0000000000e+00,1.8348728263e+01,1.7784042711e+01,4.5170403747e+00,2.2048507217e+01,-2.4617729958e-01,9.6922481250e-01
-1.8221928360e-04,1.0557423458e-04,-7.7845526235e+00,1.4825469881e+01,-2.6558946785e+01,3.0390464840e+01,3.7419335205e-01,-3.4717692760e+01,3.7417386359e-01,3.4717692760e+01,1.0000000000e+00,1.8258813519e+01,1.7668681180e+01,4.6045603991e+00,2.2096571925e+01,-2.5218289208e-01,9.6767959002e-01
-1.8749100834e-04,1.0417746501e-04,-8.0226552601e+00,1.5278482876e+01,-2.6193113300e+01,3.0785418371e+01,6.6608530329e-01,-3.4881853864e+01,6.6608454346e-01,3.4881853864e+01,1.0000000000e+00,1.8163570753e+01,1.7547447763e+01,4.6906694075e+00,2.2144354405e+01,-2.5824599531e-01,9.6607919236e-01
-1.9275209904e-04,1.0273475748e-04,-8.3179277520e+00,1.5719450802e+01,-2.5804697438e+01,3.1152324277e+01,9.2449021185e-01,-3.5047115402e+01,9.2449024965e-01,3.5047115402e+01,1.0000000000e+00,1.7957652282e+01,1.7288015806e+01,4.8581668338e+00,2.2239658008e+01,-2.7053463100e-01,9.6271024375e-01
-1.9800128169e-04,1.0124564305e-04,-8.6732216068e+00,1.6151748555e+01,-2.5391295002e+01,3.1495643716e+01,1.1517600735e+00,-3.5216276682e+01,1.1517600756e+00,3.5216276682e+01,1.0000000000e+00,1.7847555707e+01,1.7150373054e+01,4.9396304362e+00,2.2286437663e+01,-2.7676789568e-01,9.6093679913e-01
-2.0323739227e-04,9.9709690281e-05,-9.0762251620e+00,1.6569279686e+01,-2.4956258159e+01,3.1820893262e+01,1.3555596285e+00,-3.5388042950e+01,1.3555596284e+00,3.5388042946e+01,1.0000000000e+00,1.7732131100e+01,1.7006951817e+01,5.0191695785e+00,2.2333277214e+01,-2.8305506823e-01,9.5910365881e-01
-2.1106426205e-04,9.7317202243e-05,-9.7820751890e+00,1.7168769752e+01,-2.4251132638e+01,3.2265362596e+01,1.6118118672e+00,-3.5645019694e+01,1.6118118672e+00,3.5645019695e+01,1.0000000000e+00,1.7482620000e+01,1.6700334910e+01,5.1711522830e+00,2.2426549710e+01,-2.9578817609e-01,9.5525355528e-01
-2.1885455472e-04,9.4817655947e-05,-1.0611030239e+01,1.7714157877e+01,-2.3486221079e+01,3.2641575431e+01,1.7969967031e+00,-3.5894248021e+01,1.7969967031e+00,3.5894248021e+01,1.0000000000e+00,1.7062638846e+01,1.6192729380e+01,5.3785834193e+00,2.2564009430e+01,-3.1522576712e-01,9.4901670994e-01
-2.2660333752e-04,9.2210745418e-05,-1.1580798991e+01,1.8181644605e+01,-2.2651784407e+01,3.2913926599e+01,1.8865726830e+00,-3.6119156081e+01,1.8865726830e+00,3.6119156081e+01,1.0000000000e+00,1.6750914685e+01,1.5822116379e+01,5.5003432700e+00,2.2653970629e+01,-3.2836077154e-01,9.4455238273e-01
-2.3430436713e-04,8.9497056252e-05,-1.2759610663e+01,1.8487105042e+01,-2.1738560985e+01,3.2945463640e+01,1.7719864770e+00,-3.6270158125e+01,1.7719864770e+00,3.6270158125e+01,1.0000000000e+00,1.6415581498e+01,1.5427602622e+01,5.6089565220e+00,2.2742637761e+01,-3.4168491214e-01,9.3981456725e-01
-2.3940543388e-04,8.7629348442e-05,-1.3958190581e+01,1.8488616702e+01,-2.1039724107e+01,3.2599740583e+01,1.3225116571e+00,-3.6320426345e+01,1.3225116571e+00,3.6320426345e+01,1.0000000000e+00,1.6237004859e+01,1.5217511149e+01,5.6628333205e+00,2.2787660925e+01,-3.4876095497e-01,9.3721171370e-01
-2.4194178434e-04,8.6677833399e-05,-1.5105907258e+01,1.8508932487e+01,-2.0633864029e+01,3.2400900770e+01,8.3678313816e-01,-3.6576554425e+01,8.3678313816e-01,3.6576554425e+01,1.0000000000e+00,1.6031911012e+01,1.4979439682e+01,5.7130164983e+00,2.2833847533e+01,-3.5635280749e-01,9.3435147380e-01
-2.4698266821e-04,8.4739998660e-05,-1.7048642340e+01,1.9289094519e+01,-1.9592118655e+01,3.3460200564e+01,9.9787530524e-01,-3.7638636300e+01,9.9787530524e-01,3.7638636300e+01,1.0000000000e+00,1.5803908916e+01,1.4723861873e+01,5.7420752854e+00,2.2877085676e+01,-3.6333259802e-01,9.3165949961e-01
-2.4949403438e-04,8.3753295685e-05,-1.7305629539e+01,1.9908769780e+01,-1.8941628111e+01,3.4491449677e+01,1.7900189312e+00,-3.8037276581e+01,1.7900189312e+00,3.8037276581e+01,1.0000000000e+00,1.5567245129e+01,1.4463024121e+01,5.7584767239e+00,2.2918383051e+01,-3.6990981233e-01,9.2906766747e-01
-2.5451081307e-04,8.1741101251e-05,-1.7250783787e+01,2.0789722531e+01,-1.7898805037e+01,3.5995972254e+01,3.2074898587e+00,-3.8357078683e+01,3.2074898587e+00,3.8357078683e+01,1.0000000000e+00,1.5321665451e+01,1.4195380140e+01,5.7658143293e+00,2.2959153790e+01,-3.7631772784e-01,9.2649067330e-01
-2.6201031224e-04,7.8631982038e-05,-1.7866847968e+01,2.1465407603e+01,-1.6514494020e+01,3.7178851484e+01,4.2745489187e+00,-3.8655890906e+01,4.2745489187e+00,3.8655890906e+01,1.0000000000e+00,1.4794263426e+01,1.3630184009e+01,5.7522442749e+00,2.3036942852e+01,-3.8881586121e-01,9.2131548672e-01
-2.6450064806e-04,7.7573198415e-05,-1.8154475751e+01,2.1660930504e+01,-1.6031914154e+01,3.7543743736e+01,4.5826955997e+00,-3.8769085505e+01,4.5826955997e+00,3.8769085505e+01,1.0000000000e+00,1.4504396331e+01,1.3326599836e+01,5.7253165618e+00,2.3074245995e+01,-3.9472973789e-01,9.1879727580e-01
-2.6698594963e-04,7.6503962434e-05,-1.8464390064e+01,2.1848569201e+01,-1.5532291190e+01,3.7907785152e+01,4.8877293348e+00,-3.8884410589e+01,4.8877293348e+00,3.8884410589e+01,1.0000000000e+00,1.4504396331e+01,1.3326599836e+01,5.7253165618e+00,2.3074245995e+01,-3.9472973789e-01,9.1879727580e-01
-2.6946612875e-04,7.5424829483e-05,-1.8791058689e+01,2.2035494227e+01,-1.5014486022e+01,3.8279125350e+01,5.1976909699e+00,-3.9003235681e+01,5.1976909699e+00,3.9003235681e+01,1.0000000000e+00,1.4198327179e+01,1.3011157748e+01,5.6835084889e+00,2.3109436906e+01,-4.0029423305e-01,9.1638666893e-01
-2.7441141880e-04,7.3239423958e-05,-1.9453566261e+01,2.2413280120e+01,-1.3928397706e+01,3.9077626351e+01,5.8704961097e+00,-3.9252460077e+01,5.8704961096e+00,3.9252460077e+01,1.0000000000e+00,1.3875020913e+01,1.2683718462e+01,5.6248992273e+00,2.3142330995e+01,-4.0539753148e-01,9.1414049329e-01
-2.7933802711e-04,7.1023157153e-05,-2.0028095799e+01,2.2823332637e+01,-1.2766607716e+01,4.0007968406e+01,6.7012595717e+00,-3.9495963086e+01,6.7012595717e+00,3.9495963086e+01,1.0000000000e+00,1.3160250719e+01,1.1981765083e+01,5.4432990459e+00,2.3200897173e+01,-4.1361666749e-01,9.1045112575e-01
-2.8179527024e-04,6.9906058586e-05,-2.0288151780e+01,2.3057150910e+01,-1.2148235242e+01,4.0516194834e+01,7.1738424830e+00,-3.9610229505e+01,7.1738424830e+00,3.9610229505e+01,1.0000000000e+00,1.2766002512e+01,1.1607466975e+01,5.3138997499e+00,2.3224754390e+01,-4.1625401100e-01,9.0924836999e-01
-2.8424925587e-04,6.8784780210e-05,-2.0513840696e+01,2.3310149378e+01,-1.1509414269e+01,4.1071877660e+01,7.7012321406e+00,-3.9724487105e+01,7.7012321406e+00,3.9724487105e+01,1.0000000000e+00,1.2766002512e+01,1.1607466975e+01,5.3138997499e+00,2.3224754390e+01,-4.1625401100e-01,9.0924836999e-01
-2.8915082279e-04,6.6536588375e-05,-2.0764361593e+01,2.3918754763e+01,-1.0163262190e+01,4.2363447725e+01,8.9947360565e+00,-3.9922359839e+01,8.9947360565e+00,3.9922359839e+01,1.0000000000e+00,1.1892170874e+01,1.0809780656e+01,4.9570525796e+00,2.3257115096e+01,-4.1683327897e-01,9.0898295779e-01
-2.9405215996e-04,6.4296555060e-05,-2.0605327389e+01,2.4745922322e+01,-8.7156036061e+00,4.3961093656e+01,1.0720483758e+01,-4.0041414754e+01,1.0720483758e+01,4.0041414754e+01,1.0000000000e+00,1.1413187494e+01,1.0391266538e+01,4.7204267301e+00,2.3263561681e+01,-4.1359407550e-01,9.1046138892e-01
-2.9650709571e-04,6.3187489629e-05,-2.0261373691e+01,2.5263834508e+01,-7.9723660192e+00,4.4926841291e+01,1.1821654058e+01,-4.0055393768e+01,1.1821654058e+01,4.0055393768e+01,1.0000000000e+00,1.0898469560e+01,9.9564050881e+00,4.4324526474e+00,2.3258796083e+01,-4.0670413611e-01,9.1355992998e-01
-2.9896803025e-04,6.2091712634e-05,-1.9716598586e+01,2.5948326868e+01,-7.1846065678e+00,4.6032660800e+01,1.3126366527e+01,-4.0027571681e+01,1.3126366527e+01,4.0027571681e+01,1.0000000000e+00,1.0898469560e+01,9.9564050881e+00,4.4324526474e+00,2.3258796083e+01,-4.0670413611e-01,9.1355992998e-01
-3.0143881230e-04,6.1015061685e-05,-1.8764214907e+01,2.6725095074e+01,-6.4019652632e+00,4.7264616192e+01,1.4705148796e+01,-3.9871328966e+01,1.4705148796e+01,3.9871328966e+01,1.0000000000e+00,1.0347159640e+01,9.5075181544e+00,4.0829904667e+00,2.3240279117e+01,-3.9460012302e-01,9.1885294956e-01
-3.1151786062e-04,5.7114689804e-05,-8.6474232579e+00,3.2176569894e+01,-4.4012962036e+00,5.4851114035e+01,2.5143945723e+01,-3.8192665184e+01,2.5143945723e+01,3.8192665184e+01,1.0000000000e+00,8.4922886727e+00,8.1523550915e+00,2.3786705032e+00,2.2976984718e+01,-2.8009769744e-01,9.5997149952e-01
-3.1995572126e-04,5.5733748158e-05,3.8423965625e+01,2.1178137198e+01,-6.0619727491e+00,5.3680860163e+01,4.7173655503e+01,-1.4811662627e+01,4.7173655503e+01,1.4811662628e+01,1.0000000000e+00,1.3628608907e+01,1.3573334086e+01,1.2262065559e+00,2.2630238312e+01,-8.9972979948e-02,9.9594420671e-01
-3.2526052102e-04,5.4771172230e-05,4.4968095365e+01,2.9914784091e+01,3.7603982581e+00,6.3118765365e+01,6.0805882986e+01,-1.2077389363e+01,6.0805882986e+01,1.2077389358e+01,1.0000000000e+00,1.6591275760e+01,1.6022811426e+01,4.3058036803e+00,2.2957584989e+01,-2.5952215746e-01,9.6573715357e-01
-3.3075628573e-04,5.2625246887e-05,4.7285631618e+01,3.8860917517e+01,1.2778048857e+01,7.3513812011e+01,7.2475059391e+01,-1.2411378917e+01,7.2475059391e+01,1.2411378942e+01,1.0000000000e+00,1.5899667999e+01,1.4384052884e+01,6.7748405974e+00,2.3508845402e+01,-4.2609950081e-01,9.0467630422e-01
-3.3616482506e-04,4.9981665476e-05,4.6236992550e+01,4.1492079681e+01,1.7057791524e+01,7.6175156571e+01,7.5627139189e+01,-1.2332355115e+01,7.5627139189e+01,1.2332354987e+01,1.0000000000e+00,1.5004069308e+01,1.3330800973e+01,6.8856256962e+00,2.3613995234e+01,-4.5891721471e-01,8.8847903186e-01
-3.4153456262e-04,4.6989622291e-05,4.7750874915e+01,4.5363055753e+01,2.2334767005e+01,8.1563896296e+01,8.2133758443e+01,-1.2048116523e+01,8.2133758443e+01,1.2048116973e+01,1.0000000000e+00,1.3392745141e+01,1.1494057423e+01,6.8740283959e+00,2.3774678165e+01,-5.1326507922e-01,8.5823013141e-01
-3.4689299277e-04,4.3701066868e-05,5.0116404777e+01,4.9415270141e+01,2.7680094154e+01,8.7744459416e+01,8.9557536729e+01,-1.1761037798e+01,8.9557536729e+01,1.1761037834e+01,1.0000000000e+00,1.2625642761e+01,1.0677459223e+01,6.7378572013e+00,2.3830075231e+01,-5.3366448971e-01,8.4569628852e-01
-3.5765585983e-04,3.6301457215e-05,5.8127527568e+01,5.9942134753e+01,4.0920860336e+01,1.0484132025e+02,1.1005435842e+02,-1.1005970514e+01,1.1005435842e+02,1.1006057491e+01,1.0000000000e+00,9.7227304095e+00,7.7926732230e+00,5.8142695720e+00,2.3972481891e+01,-5.9800789769e-01,8.0149020849e-01
-3.6860194824e-04,2.7771264253e-05,7.1699128732e+01,7.6069233409e+01,6.0530816977e+01,1.3206663808e+02,1.4236368190e+02,-1.0133736194e+01,1.4236368190e+02,1.0137772858e+01,1.0000000000e+00,7.6026107597e+00,5.8651047438e+00,4.8373791155e+00,2.4016876658e+01,-6.3627867695e-01,7.7145929592e-01
-3.7990252595e-04,1.7911250494e-05,9.7922850311e+01,1.0608290546e+02,9.5930637927e+01,1.8358206928e+02,2.0291790123e+02,-9.0644129957e+00,2.0291790123e+02,9.0992015985e+00,1.0000000000e+00,4.6869229715e+00,3.4443039486e+00,3.1786816843e+00,2.3994914081e+01,-6.7820224562e-01,7.3487530509e-01
1.8246588679e-04,1.6372596110e-04,4.6930619223e+00,-5.2597390319e+00,-1.2070930406e+01,1.7137423343e+01,6.2053617388e+00,-1.3583230222e+01,6.2053650756e+00,1.3583230222e+01,1.0000000000e+00,2.9693422514e+01,2.9478801697e+01,-3.5636485681e+00,1.7138783474e+01,1.2001474624e-01,9.9277210914e-01
3.0417429350e-04,1.1944734667e-04,-3.0765284858e+00,-8.3101442373e+00,-5.1078541223e+00,1.4499156262e+01,4.2789004671e+00,-1.2463283075e+01,4.2789004671e+00,1.2463283075e+01,1.0000000000e+00,2.0107847744e+01,1.6838094171e+01,-1.0991093011e+01,1.4458900319e+01,5.4660713324e-01,8.3738918186e-01
3.6010194402e-04,6.8270362749e-05,-5.8261851787e+00,-1.0273068450e+01,5.3225435042e+00,2.0239330251e+01,1.1433361931e+01,-1.1937003606e+01,1.1433361931e+01,1.1937003606e+01,1.0000000000e+00,8.5954034532e+00,5.1071755501e+00,-6.9135894023e+00,1.3592001298e+01,8.0433564753e-01,5.9417519816e-01
7.3280385761e-05,1.4009506376e-04,-3.6482947554e+01,-1.2036337601e+01,-4.8991568783e+01,2.0757976171e+01,-3.0752635038e+01,-5.4721881299e+01,7.8424080422e-02,5.4725055774e+01,1.0000000000e+00,4.9180919406e+00,4.2726464312e+00,2.4355945496e+00,2.0811289242e+01,-4.9523160181e-01,8.6876099162e-01
1.6369806586e-04,1.6504671508e-04,6.4368821367e+00,-4.5751553369e+00,-1.2731625740e+01,1.8390778785e+01,7.4705492809e+00,-1.3765292884e+01,7.4705607944e+00,1.3765292884e+01,1.0000000000e+00,3.0876098643e+01,3.0844926798e+01,-1.3870682139e+00,1.7659978085e+01,4.4923687734e-02,9.9899042152e-01
2.0033124605e-04,1.6049617327e-04,3.0861419607e+00,-5.8164918341e+00,-1.1416987977e+01,1.6098654031e+01,5.1291392306e+00,-1.3459985247e+01,5.1291375267e+00,1.3459985247e+01,1.0000000000e+00,2.8545372464e+01,2.8037729195e+01,-5.3594804494e+00,1.6664549124e+01,1.8775303969e-01,9.8221626747e-01
3.7062523780e-04,5.2876275405e-05,-6.1574564013e+00,-1.1003768067e+01,9.9822963835e+00,2.3625671127e+01,1.5552707576e+01,-1.1727867594e+01,1.5552707576e+01,1.1727867617e+01,1.0000000000e+00,5.8827503811e+00,3.1188306712e+00,-4.9879502093e+00,1.3584543662e+01,8.4789424779e-01,5.3016539359e-01
-3.5424602262e-04,3.5895151384e-05,5.6342816507e+01,5.4423293372e+01,3.1997264306e+01,9.6560753861e+01,9.9919417642e+01,-1.1579336828e+01,9.9919417642e+01,1.1579317224e+01,1.0000000000e+00,1.0431644515e+01,8.4687943635e+00,6.0908726235e+00,2.3947248060e+01,-5.8388422024e-01,8.1183694012e-01
2.3106611185e-04,1.5293708019e-04,9.3730072889e-01,-6.5797114009e+00,-1.0109315924e+01,1.4878057140e+01,4.0038426970e+00,-1.3175857893e+01,4.0038426428e+00,1.3175857893e+01,1.0000000000e+00,2.6631255095e+01,2.5487957515e+01,-7.7193114753e+00,1.5968286906e+01,2.8985909405e-01,9.5706933165e-01
2.8853169487e-04,1.2925205993e-04,-2.2650392644e+00,-7.8977421444e+00,-6.5524669933e+00,1.4173287197e+01,3.7741980497e+00,-1.2591704307e+01,3.7741980497e+00,1.2591704307e+01,1.0000000000e+00,2.2109353560e+01,1.9385745998e+01,-1.0630915622e+01,1.4802164717e+01,4.8083339899e-01,8.7681197666e-01
7.6718030392e-05,1.4369577022e-04,-1.5380764746e+01,-6.5702769044e+00,6.4634137397e+00,1.7257573334e+01,5.5049891069e+00,-1.4422340113e+01,7.3642204377e+00,1.4480327810e+01,1.0000000000e+00,8.3358511295e+00,4.9979035727e+00,6.6713847087e+00,2.1415052116e+01,-8.0032435861e-01,5.9956727814e-01
1.9123877267e-04,1.6257811982e-04,3.9381508087e+00,-5.5319910771e+00,-1.1750402249e+01,1.6623710275e+01,5.6915778821e+00,-1.3503829323e+01,5.6915782767e+00,1.3503829323e+01,1.0000000000e+00,2.9233185247e+01,2.8912423142e+01,-4.3186696755e+00,1.6945493133e+01,1.4773175208e-01,9.8902746647e-01
2.0944285452e-04,1.5924202065e-04,2.5074615296e+00,-6.0324395132e+00,-1.1043617104e+01,1.5711229018e+01,4.8028045157e+00,-1.3338960090e+01,4.8028049265e+00,1.3338960090e+01,1.0000000000e+00,2.8083613396e+01,2.7434687555e+01,-6.0022712504e+00,1.6484733121e+01,2.1372859559e-01,9.7689307881e-01
2.9626301054e-04,1.2482565802e-04,-2.6650213753e+00,-8.0875364952e+00,-5.8776808353e+00,1.4280527239e+01,3.9735151404e+00,-1.2516217351e+01,3.9735151404e+00,1.2516217351e+01,1.0000000000e+00,2.0945704607e+01,1.7888966012e+01,-1.0895294238e+01,1.4592884055e+01,5.2016842796e-01,8.5406370169e-01
3.9061035467e-04,1.2621464418e-05,-8.1638301690e-01,-1.9743331769e+01,3.5289775166e+01,4.6086209790e+01,4.3844581702e+01,-9.3711895535e+00,4.3844581702e+01,9.2192160661e+00,1.0000000000e+00,4.3104471290e-02,1.6172337397e-02,-3.9955612225e-02,1.3968270078e+01,9.2694820351e-01,3.7518932289e-01
-2.0758918223e-04,4.0709176629e-05,9.6790756362e+01,3.6735006914e+01,-3.1469728617e+01,1.2800622020e+02,1.0656493956e+02,-4.1243911816e+01,1.0656493956e+02,4.1243911816e+01,0.0000000000e+00,nan,nan,nan,nan,nan,nan
1.1990728261e-04,6.7821724512e-05,1.4319131347e+01,-2.9043528670e+00,-2.2723780156e+01,3.2475131820e+01,1.4547201694e+01,-2.2951850503e+01,1.4547201700e+01,2.2951850503e+01,0.0000000000e+00,nan,nan,nan,nan,nan,nan
2.7384704735e-04,6.8107605735e-05,-2.5382481648e+00,-7.5923772810e+00,-1.0629011770e+01,1.4899048753e+01,2.0183398407e+00,-1.5185599776e+01,2.0183501719e+00,1.5185599776e+01,0.0000000000e+00,nan,nan,nan,nan,nan,nan
2.0495160876e-04,9.5062423094e-05,-5.3558828056e+00,-3.3761542395e+00,-1.4547106639e+01,9.8738571737e+00,-4.2508206250e+00,-1.5652168819e+01,-3.0998476060e-10,1.5652168819e+01,0.0000000000e+00,nan,nan,nan,nan,nan,nan
1.8571696998e-04,1.2186142325e-04,-4.9510656283e+00,-3.8859343220e+00,-1.3757463490e+01,1.0170426088e+01,-3.4823663196e+00,-1.5226162798e+01,-2.2982091934e-04,1.5226162798e+01,0.0000000000e+00,nan,nan,nan,nan,nan,nan
1.6314665345e-04,1.2111442892e-04,-7.6419274496e+00,-1.6226754766e+00,-1.5604188417e+01,7.4377498671e+00,-7.3288710454e+00,-1.5917244821e+01,8.7658739307e-06,1.5917244821e+01,0.0000000000e+00,nan,nan,nan,nan,nan,nan
7.5422202768e-05,9.4060579752e-05,5.0953781667e+00,2.1098999840e+00,-2.2533626722e+01,2.4212169775e+01,5.2597784595e+00,-2.2698027015e+01,5.2600230256e+00,2.2698027015e+01,0.0000000000e+00,nan,nan,nan,nan,nan,nan
-2.0758623636e-04,6.8288782257e-05,3.1991714738e+01,2.8952249067e+01,-2.5739608035e+01,7.0808841040e+01,4.4007556787e+01,-3.7755450083e+01,4.4007556787e+01,3.7755450083e+01,0.0000000000e+00,nan,nan,nan,nan,nan,nan
3.1634672060e-04,4.2095088097e-05,-1.1352056917e+00,-1.0829006938e+01,-6.5203152857e+00,1.9324899275e+01,7.3294753100e+00,-1.4984996287e+01,7.3294753100e+00,1.4984996287e+01,0.0000000000e+00,nan,nan,nan,nan,nan,nan
2.5212747353e-04,3.9427021510e-05,2.9129394914e+00,-7.5224403385e+00,-1.4219321675e+01,1.9817565667e+01,5.7884857808e+00,-1.7094867965e+01,5.5136967060e+00,1.7094867965e+01,0.0000000000e+00,nan,nan,nan,nan,nan,nan
2.2867097045e-04,3.9521675243e-05,2.2313881297e+01,-1.2695001308e+01,-1.3332107506e+01,3.7899736861e+01,2.6372310174e+01,-1.7390536384e+01,2.6374045581e+01,1.7390536384e+01,0.0000000000e+00,nan,nan,nan,nan,nan,nan
2.9313056989e-04,9.3880445127e-05,-2.7158861141e+00,-8.9239760026e+00,-6.7885338271e+00,1.5852921897e+01,4.4004787542e+00,-1.3904898695e+01,4.4004787547e+00,1.3904898695e+01,0.0000000000e+00,nan,nan,nan,nan,nan,nan
1.6362157737e-04,9.6125081327e-05,-6.1461898740e+00,-1.0268035411e+00,-1.6899933452e+01,9.4851621911e+00,-6.0468007188e+00,-1.6999322607e+01,2.2399208008e-04,1.6999322607e+01,0.0000000000e+00,nan,nan,nan,nan,nan,nan
-2.9423133118e-04,1.4752123114e-05,1.8215524883e+02,6.8237945597e+01,6.3451819660e+00,1.9274100782e+02,2.0552928814e+02,-1.7028857352e+01,2.0552928814e+02,1.7028857352e+01,0.0000000000e+00,nan,nan,nan,nan,nan,nan
3.2913117159e-05,6.8946930281e-05,4.0988845864e+01,-6.9675238412e+00,-2.4162707697e+01,5.7697896475e+01,4.1724965145e+01,-2.4898826978e+01,4.1724965145e+01,2.4898826978e+01,0.0000000000e+00,nan,nan,nan,nan,nan,nan
-1.6456482470e-04,9.5076609534e-05,6.8908809851e+00,1.6317751678e+01,-2.8692951748e+01,4.1812402626e+01,1.3239366530e+01,-3.5041437293e+01,1.3239355581e+01,3.5041437293e+01,0.0000000000e+00,nan,nan,nan,nan,nan,nan
-1.4083199341e-04,9.5266814311e-05,1.0535924632e+01,1.3454577971e+01,-3.0785562635e+01,4.2702535298e+01,1.4529501248e+01,-3.4779139251e+01,1.4529505214e+01,3.4779139251e+01,0.0000000000e+00,nan,nan,nan,nan,nan,nan
7.5903967629e-05,1.2219225326e-04,-8.2647157370e+00,7.5127979756e+00,-1.7825548105e+01,1.5454977827e+01,-4.1221963123e+00,-2.1968067529e+01,-7.6843244184e-02,2.1968068524e+01,0.0000000000e+00,nan,nan,nan,nan,nan,nan
2.7052807107e-04,9.6618302271e-05,-2.6527862852e+00,-7.8764358997e+00,-9.1027330444e+00,1.4740814414e+01,2.6328535053e+00,-1.4388372835e+01,2.6328554267e+00,1.4388372835e+01,0.0000000000e+00,nan,nan,nan,nan,nan,nan
1.6443723704e-04,1.4784818613e-04,-4.8896037596e-01,-4.7907054642e+00,-1.3333452689e+01,1.3876694705e+01,1.1005068908e+00,-1.4922919956e+01,1.0892133915e+00,1.4922919956e+01,0.0000000000e+00,nan,nan,nan,nan,nan,nan
5.4772359319e-05,6.8170415010e-05,3.3050297306e+01,-5.7538912191e+00,-2.2239070350e+01,4.8909861103e+01,3.3643734952e+01,-2.2832507995e+01,3.3643734952e+01,2.2832507995e+01,0.0000000000e+00,nan,nan,nan,nan,nan,nan
-3.1517629872e-04,1.2722033283e-05,1.5814392882e+02,6.7051058851e+01,8.6566624463e+00,1.7391389233e+02,1.8380952819e+02,-1.7008936916e+01,1.8380952819e+02,1.7008936916e+01,0.0000000000e+00,nan,nan,nan,nan,nan,nan
2.9329556479e-04,6.7957725170e-05,-2.2262918619e+00,-9.0611407977e+00,-8.2206617329e+00,1.6529008422e+01,4.3195506644e+00,-1.4766504259e+01,4.3195506295e+00,1.4766504259e+01,0.0000000000e+00,nan,nan,nan,nan,nan,nan
-2.5055992659e-04,6.7350871204e-05,1.1730124138e+01,3.1457641787e+01,-1.6905372918e+01,5.9855848244e+01,3.1970165707e+01,-3.7145414486e+01,3.1970165707e+01,3.7145414486e+01,0.0000000000e+00,nan,nan,nan,nan,nan,nan
5.4546940899e-05,9.4396685007e-05,1.0714644750e+01,3.2185624185e+00,-2.2353265437e+01,2.9175625378e+01,1.1025244822e+01,-2.2663865510e+01,1.1025189271e+01,2.2663865510e+01,0.0000000000e+00,nan,nan,nan,nan,nan,nan
9.8588824486e-05,3.9713100210e-05,5.9495127347e+01,-1.4699355976e+01,-2.0276795386e+01,7.3629051916e+01,6.2118918924e+01,-2.2900586964e+01,6.2118918924e+01,2.2900586964e+01,0.0000000000e+00,nan,nan,nan,nan,nan,nan
1.8409110125e-04,1.3788594936e-05,7.5940278302e+01,-2.2903435149e+01,-1.4782323992e+01,8.8018127934e+01,8.1396267011e+01,-2.0238312701e+01,8.1396267011e+01,2.0238312701e+01,0.0000000000e+00,nan,nan,nan,nan,nan,nan
1.6436915222e-04,1.2635529935e-05,1.0535836078e+02,-2.6767307163e+01,-1.5878490655e+01,1.1477967230e+02,1.1100800976e+02,-2.1528139640e+01,1.1100800976e+02,2.1528139640e+01,0.0000000000e+00,nan,nan,nan,nan,nan,nan
1.4137684544e-04,1.3619462817e-05,1.3298076515e+02,-3.1910234044e+01,-1.6403532194e+01,1.4068678538e+02,1.3951416989e+02,-2.2936936931e+01,1.3951416989e+02,2.2936936931e+01,0.0000000000e+00,nan,nan,nan,nan,nan,nan
9.9449851364e-05,1.2746912405e-05,1.9717916646e+02,-4.1628242338e+01,-1.5092861239e+01,1.9746782977e+02,2.0505125728e+02,-2.2964952064e+01,2.0505125728e+02,2.2964952064e+01,0.0000000000e+00,nan,nan,nan,nan,nan,nan
7.7219325468e-05,1.2593868245e-05,1.9316085447e+02,-3.2958234750e+01,-2.0534317107e+01,1.9366468459e+02,1.9812562647e+02,-2.5499089101e+01,1.9812562647e+02,2.5499089101e+01,0.0000000000e+00,nan,nan,nan,nan,nan,nan
5.4756554618e-05,1.2401260762e-05,1.8666201524e+02,-2.4005802300e+01,-2.8436105108e+01,1.9086192248e+02,1.8930713739e+02,-3.1081227256e+01,1.8930713739e+02,3.1081227256e+01,0.0000000000e+00,nan,nan,nan,nan,nan,nan
2.2693961048e-04,1.4389439079e-05,4.0241109655e+01,-1.9007812684e+01,-1.3480536114e+01,5.6995758385e+01,4.6286803216e+01,-1.9526229676e+01,4.6286803219e+01,1.9526229676e+01,0.0000000000e+00,nan,nan,nan,nan,nan,nan
2.0714623460e-04,1.2985689294e-05,5.8329350815e+01,-2.1704426228e+01,-1.3673156174e+01,7.2813832901e+01,6.4367183346e+01,-1.9710988705e+01,6.4367183346e+01,1.9710988705e+01,0.0000000000e+00,nan,nan,nan,nan,nan,nan
2.5018598411e-04,6.6985904450e-05,-3.2963215965e+00,-5.6567507111e+00,-1.3056755056e+01,1.2938209295e+01,-7.0665970667e-01,-1.5646416946e+01,3.4150856090e-03,1.5646416946e+01,0.0000000000e+00,nan,nan,nan,nan,nan,nan
1.4139105209e-04,1.4970086947e-04,-1.3990450085e+00,-3.5308231441e+00,-1.4575099333e+01,1.2944502773e+01,-5.1356001039e-01,-1.5460584331e+01,-1.6180254475e-01,1.5460584331e+01,0.0000000000e+00,nan,nan,nan,nan,nan,nan
2.7062563462e-04,1.4430290790e-05,2.4602589817e+01,-1.9616320882e+01,-1.0412118450e+01,4.5535320651e+01,3.3385065319e+01,-1.9194593952e+01,3.3385065562e+01,1.9194593952e+01,0.0000000000e+00,nan,nan,nan,nan,nan,nan
3.1588410572e-04,9.4722330832e-05,-3.4488973115e+00,-9.4770702120e+00,-3.7584611052e+00,1.6415220439e+01,5.8736527312e+00,-1.3081011148e+01,5.8736527312e+00,1.3081011148e+01,0.0000000000e+00,nan,nan,nan,nan,nan,nan
-3.1352162112e-05,1.3413386696e-05,1.7376063772e+02,-4.3234236649e+00,-4.8777283167e+01,1.9286840654e+02,1.7384430371e+02,-4.8860949159e+01,1.7384430371e+02,4.8860949159e+01,0.0000000000e+00,nan,nan,nan,nan,nan,nan
-1.2209895335e-05,1.3480831244e-05,1.7486454145e+02,-7.8832729011e+00,-4.6259808351e+01,1.9198486673e+02,1.7514488103e+02,-4.6540147936e+01,1.7514488103e+02,4.6540147936e+01,0.0000000000e+00,nan,nan,nan,nan,nan,nan
1.1893135571e-04,1.4792099253e-05,1.5850828737e+02,-3.6605704593e+01,-1.5555163697e+01,1.6353686557e+02,1.6589461519e+02,-2.2941491524e+01,1.6589461519e+02,2.2941491524e+01,0.0000000000e+00,nan,nan,nan,nan,nan,nan
-2.2832273843e-04,6.6983114492e-05,2.5461228772e+01,3.1598597400e+01,-2.1633689842e+01,6.8251028541e+01,4.1318519166e+01,-3.7490980236e+01,4.1318519166e+01,3.7490980236e+01,0.0000000000e+00,nan,nan,nan,nan,nan,nan
2.2778139337e-04,9.4008798236e-05,-4.0626862120e+00,-5.1207538272e+00,-1.2829393853e+01,1.1673703048e+01,-1.7062244354e+00,-1.5185855629e+01,1.0432215401e-05,1.5185855629e+01,0.0000000000e+00,nan,nan,nan,nan,nan,nan
3.3431567903e-05,1.3787741684e-05,1.7826145481e+02,-1.7869334050e+01,-3.5183883842e+01,1.8742084764e+02,1.7974626232e+02,-3.6668691352e+01,1.7974626232e+02,3.6668691352e+01,0.0000000000e+00,nan,nan,nan,nan,nan,nan
-7.7358392268e-05,1.3353167249e-05,1.7248658882e+02,4.1684853923e+00,-5.1016225290e+01,1.9369321155e+02,1.7256400960e+02,-5.1093646063e+01,1.7256400960e+02,5.1093646063e+01,0.0000000000e+00,nan,nan,nan,nan,nan,nan
1.8475258057e-04,6.8484003442e-05,8.7123799326e-02,-4.2137813986e+00,-1.5957423995e+01,1.5701808009e+01,1.1302929829e+00,-1.7000593179e+01,9.4349168381e-01,1.7000593179e+01,0.0000000000e+00,nan,nan,nan,nan,nan,nan
1.4205938338e-04,9.5333497299e-05,-3.9583586136e+00,-1.4141037433e+00,-1.6893612275e+01,1.1473186526e+01,-3.8019381152e+00,-1.7050032774e+01,-8.8745820069e-03,1.7050032774e+01,0.0000000000e+00,nan,nan,nan,nan,nan,nan
2.7391925277e-04,1.2335906440e-04,-2.0300497625e+00,-7.8906298190e+00,-7.8471388337e+00,1.4565094374e+01,3.4705668595e+00,-1.3347755456e+01,3.4705668591e+00,1.3347755456e+01,0.0000000000e+00,nan,nan,nan,nan,nan,nan
3.2836624561e-05,1.2355727966e-04,-3.3614763804e+01,-8.0951441623e+00,-3.4912407779e+01,1.3978641615e+01,-2.6193013292e+01,-4.2334158290e+01,1.3650703798e-06,4.2334158290e+01,0.0000000000e+00,nan,nan,nan,nan,nan,nan
-1.6269522599e-04,4.1110291075e-05,9.9674103468e+01,2.4213535610e+01,-3.9509369868e+01,1.2762222446e+02,1.0376509245e+02,-4.3600358848e+01,1.0376509245e+02,4.3600358848e+01,0.0000000000e+00,nan,nan,nan,nan,nan,nan
3.5883293112e-04,1.5629084630e-05,8.6531985271e-01,-1.4861590947e+01,5.1842464271e+00,2.6007581555e+01,1.8040267352e+01,-1.1990701072e+01,1.8040267352e+01,1.1990706503e+01,0.0000000000e+00,nan,nan,nan,nan,nan,nan
2.9389626748e-04,1.2165905370e-05,2.1221991385e+01,-2.0097815415e+01,-6.6267192744e+00,4.2347287640e+01,3.1746853974e+01,-1.7151581863e+01,3.1746853986e+01,1.7151581863e+01,0.0000000000e+00,nan,nan,nan,nan,nan,nan
1.1115732764e-05,9.4201943716e-05,1.0710983274e+01,-6.3726293830e+00,-3.4809008329e+01,4.0936414973e+01,1.1585637676e+01,-3.5683662732e+01,1.1584590897e+01,3.5683662732e+01,0.0000000000e+00,nan,nan,nan,nan,nan,nan
-1.0264198652e-05,9.4334082346e-05,1.0567181043e+01,-6.2738580675e+00,-3.6056867179e+01,4.1813527844e+01,1.1396208488e+01,-3.6885894624e+01,1.1395268532e+01,3.6885894624e+01,0.0000000000e+00,nan,nan,nan,nan,nan,nan
1.8393765222e-04,1.5087468948e-04,1.0953269633e+00,-5.5924755893e+00,-1.2343362269e+01,1.5140600120e+01,3.1174119024e+00,-1.4365447208e+01,3.1181164313e+00,1.4365447208e+01,0.0000000000e+00,nan,nan,nan,nan,nan,nan
3.1436944809e-04,1.3269046975e-05,-1.6436233492e+00,-1.0095406710e+01,-9.9827184313e+00,1.8916631055e+01,5.1083511415e+00,-1.6734692922e+01,5.1083511414e+00,1.6734692922e+01,0.0000000000e+00,nan,nan,nan,nan,nan,nan
9.8768240992e-05,9.4645801095e-05,5.7329675292e-01,1.6338755792e+00,-2.2717243806e+01,2.0376931878e+01,6.9265357848e-01,-2.2836600632e+01,7.0938459592e-01,2.2836600632e+01,0.0000000000e+00,nan,nan,nan,nan,nan,nan
-1.8570863525e-04,6.8203158252e-05,3.8921051325e+01,2.5567642239e+01,-2.9650356776e+01,7.4075991004e+01,4.7403140621e+01,-3.8132446072e+01,4.7403140621e+01,3.8132446072e+01,0.0000000000e+00,nan,nan,nan,nan,nan,nan
-1.1452943370e-05,4.0762036206e-05,1.0283444780e+02,-8.3832274277e+00,-4.1113265511e+01,1.2550458063e+02,1.0332069456e+02,-4.1599512266e+01,1.0332069456e+02,4.1599512266e+01,0.0000000000e+00,nan,nan,nan,nan,nan,nan
-5.4715387160e-05,4.1958050699e-05,1.0027013207e+02,-7.6363550514e-01,-4.4960919599e+01,1.2578006815e+02,1.0027376244e+02,-4.4964549967e+01,1.0027376244e+02,4.4964549967e+01,0.0000000000e+00,nan,nan,nan,nan,nan,nan
-7.7235141991e-05,4.0275287790e-05,1.0356173231e+02,3.8248020195e+00,-4.5533110144e+01,1.2928897608e+02,1.0365933622e+02,-4.5630714063e+01,1.0365933622e+02,4.5630714063e+01,0.0000000000e+00,nan,nan,nan,nan,nan,nan
-9.8004142323e-05,4.0350602873e-05,1.0296536994e+02,8.3417872680e+00,-4.5009089097e+01,1.2896063554e+02,1.0343359807e+02,-4.5477317226e+01,1.0343359807e+02,4.5477317225e+01,0.0000000000e+00,nan,nan,nan,nan,nan,nan
3.3950446215e-04,4.0989391615e-05,-1.3164641258e+00,-1.3069490185e+01,-5.8455915050e-01,2.2641328882e+01,1.2121465687e+01,-1.4022488963e+01,1.2121465687e+01,1.4022488963e+01,0.0000000000e+00,nan,nan,nan,nan,nan,nan
-5.4369264494e-05,9.4879951113e-05,1.2147721554e+01,-5.6940237139e-01,-3.5548532747e+01,4.1316911047e+01,1.2153924119e+01,-3.5554735312e+01,1.2154117538e+01,3.5554735312e+01,0.0000000000e+00,nan,nan,nan,nan,nan,nan
-3.1673972844e-05,9.5312173777e-05,1.0214428353e+01,-3.9820402162e+00,-3.5963925542e+01,4.0581245415e+01,1.0554844370e+01,-3.6304341559e+01,1.0554188861e+01,3.6304341559e+01,0.0000000000e+00,nan,nan,nan,nan,nan,nan
1.6445411710e-04,4.1456081824e-05,2.9438687670e+01,-9.9715862257e+00,-1.7106132541e+01,4.3853415406e+01,3.1485058754e+01,-1.9152503625e+01,3.1485058747e+01,1.9152503625e+01,0.0000000000e+00,nan,nan,nan,nan,nan,nan
-2.5071883811e-04,1.4114900229e-05,2.0221430774e+02,5.2271572809e+01,-2.4594976618e+01,2.1627792495e+02,2.1367778375e+02,-3.6058452627e+01,2.1367778375e+02,3.6058452627e+01,0.0000000000e+00,nan,nan,nan,nan,nan,nan
2.0741751499e-04,1.5061316464e-04,1.0492331512e+00,-6.1881707005e+00,-1.1304031368e+01,1.5142620357e+01,3.6151968309e+00,-1.3869995048e+01,3.6151748272e+00,1.3869995048e+01,0.0000000000e+00,nan,nan,nan,nan,nan,nan
-2.9444849847e-04,4.0128632773e-05,6.0875340933e+01,3.6274296438e+01,-2.7666431787e-01,8.2181715036e+01,7.7746973606e+01,-1.7148296991e+01,7.7746973606e+01,1.7148296991e+01,0.0000000000e+00,nan,nan,nan,nan,nan,nan
3.5366117280e-04,7.1106423302e-05,-5.2690377208e+00,-1.0491578406e+01,3.6350060306e+00,1.9736261338e+01,1.0577719951e+01,-1.2211751642e+01,1.0577719951e+01,1.2211751642e+01,0.0000000000e+00,nan,nan,nan,nan,nan,nan
-2.4120046371e-04,8.1451950817e-05,-7.2886455578e+00,2.2751515542e+01,-1.9777565887e+01,4.0855734416e+01,1.0054963541e+01,-3.7121174986e+01,1.0054963541e+01,3.7121174986e+01,0.0000000000e+00,nan,nan,nan,nan,nan,nan
-1.1866163384e-04,4.0500209842e-05,1.0224601815e+02,1.3111556434e+01,-4.3893926880e+01,1.2858113173e+02,1.0341239666e+02,-4.5060305382e+01,1.0341239666e+02,4.5060305382e+01,0.0000000000e+00,nan,nan,nan,nan,nan,nan
2.5117782790e-04,9.6017418200e-05,-3.0527706561e+00,-6.7679295001e+00,-1.0859134265e+01,1.3531333674e+01,8.5636667863e-01,-1.4768271599e+01,8.5397350376e-01,1.4768271599e+01,0.0000000000e+00,nan,nan,nan,nan,nan,nan
-2.4930777652e-04,4.0090166433e-05,8.6862776273e+01,4.6481368087e+01,-1.8157570067e+01,1.2145877862e+02,1.0447686164e+02,-3.5771655431e+01,1.0447686164e+02,3.5771655431e+01,0.0000000000e+00,nan,nan,nan,nan,nan,nan
-2.2315296323e-04,8.8817986830e-05,-5.9825542785e+00,2.0250284078e+01,-2.2613106599e+01,3.7910499821e+01,7.5898068376e+00,-3.6185467715e+01,7.5898068376e+00,3.6185467715e+01,1.0000000000e+00,1.6910038472e+01,1.6010688213e+01,5.4412557458e+00,2.2609146698e+01,-3.2177666271e-01,9.4681559944e-01
-2.2519737766e-04,8.6717345164e-05,-4.4724362808e+00,2.1173008713e+01,-2.2228253542e+01,3.9761464223e+01,9.6059471607e+00,-3.6306636984e+01,9.6059471607e+00,3.6306636984e+01,0.0000000000e+00,nan,nan,nan,nan,nan,nan
2.5036774908e-04,1.3334382315e-05,2.8664556558e+01,-1.7717373098e+01,-1.3531068522e+01,4.7718016856e+01,3.5116753895e+01,-1.9983265859e+01,3.5116753838e+01,1.9983265859e+01,0.0000000000e+00,nan,nan,nan,nan,nan,nan
9.7779122221e-05,1.2405847341e-04,-1.1177112764e+01,4.4743359730e+00,-2.0887794578e+01,1.1469757543e+01,-9.4103860659e+00,-2.2654521276e+01,-5.3964515701e-06,2.2654521707e+01,0.0000000000e+00,nan,nan,nan,nan,nan,nan
1.6290307990e-04,6.9534914893e-05,8.0405781824e+00,-6.6386181964e+00,-1.5261532992e+01,2.3235092891e+01,9.8043097303e+00,-1.7025264540e+01,9.7972298794e+00,1.7025264540e+01,0.0000000000e+00,nan,nan,nan,nan,nan,nan
1.8647412119e-04,3.9363266617e-05,2.6690716849e+01,-1.0987494484e+01,-1.5225445295e+01,4.0986919985e+01,2.9396445064e+01,-1.7931173510e+01,2.9396444534e+01,1.7931173510e+01,0.0000000000e+00,nan,nan,nan,nan,nan,nan
-1.3885865682e-04,1.0964532466e-04,-3.1635913025e+00,1.1576370260e+01,-2.9304817433e+01,3.0239497088e+01,1.2245774162e+00,-3.3692986151e+01,1.1964768889e+00,3.3692986151e+01,0.0000000000e+00,nan,nan,nan,nan,nan,nan
-3.3891412581e-04,4.0753806657e-05,4.3246616714e+01,3.6201925006e+01,9.2221372283e+00,6.9206131443e+01,6.6190555590e+01,-1.3721801647e+01,6.6190555590e+01,1.3721801289e+01,0.0000000000e+00,nan,nan,nan,nan,nan,nan
-2.7588208329e-04,6.6802726835e-05,-6.9459709188e+00,2.8201083843e+01,-1.1783244517e+01,4.8991206817e+01,1.8920478726e+01,-3.7649694162e+01,1.8920478725e+01,3.7649694162e+01,0.0000000000e+00,nan,nan,nan,nan,nan,nan
-1.1490032767e-04,1.1431017702e-04,-5.5342926277e+00,8.9372265550e+00,-3.0173461962e+01,2.6359289915e+01,-2.6353341667e+00,-3.3072420423e+01,2.7957911552e-02,3.3072420423e+01,0.0000000000e+00,nan,nan,nan,nan,nan,nan
-1.4156629966e-04,1.1031033857e-04,-4.0429797024e+00,1.1736523310e+01,-2.9079087208e+01,2.9717332128e+01,5.9627624819e-01,-3.3718343159e+01,4.5543695579e-01,3.3718343159e+01,1.0000000000e+00,1.8949057547e+01,1.8585716307e+01,3.6929569831e+00,2.1608375512e+01,-1.9488868900e-01,9.8082536616e-01
-2.5261719372e-04,7.7808941598e-05,-9.5576518195e+00,2.3792373461e+01,-1.7656366888e+01,4.1783504130e+01,1.0516708003e+01,-3.7730726711e+01,1.0516708003e+01,3.7730726711e+01,1.0000000000e+00,1.5321665451e+01,1.4195380140e+01,5.7658143293e+00,2.2959153790e+01,-3.7631772784e-01,9.2649067330e-01
-2.5503045273e-04,7.6210612135e-05,-8.5684507148e+00,2.4616674209e+01,-1.6994492301e+01,4.3238220937e+01,1.2182126989e+01,-3.7745070005e+01,1.2182126989e+01,3.7745070005e+01,0.0000000000e+00,nan,nan,nan,nan,nan,nan
-1.6289493574e-04,1.0583817649e-04,-3.4537209776e+00,1.4001660573e+01,-2.7965216597e+01,3.2226363818e+01,2.8964310378e+00,-3.4315368613e+01,2.9219791418e+00,3.4315368613e+01,1.0000000000e+00,1.8661599747e+01,1.8192621324e+01,4.1573831290e+00,2.1854206491e+01,-2.2277742452e-01,9.7486933439e-01
-2.9034730805e-04,6.1003965937e-05,-4.5470029506e+00,3.0064840792e+01,-8.0567265293e+00,5.2097058014e+01,2.3776385729e+01,-3.6380115208e+01,2.3776385729e+01,3.6380115208e+01,0.0000000000e+00,nan,nan,nan,nan,nan,nan
-1.7034830604e-04,1.0423468983e-04,-3.5686684509e+00,1.4764355724e+01,-2.7493522362e+01,3.2909626052e+01,3.4692860540e+00,-3.4531476866e+01,3.4731922128e+00,3.4531476866e+01,1.0000000000e+00,1.8514361332e+01,1.7998746970e+01,4.3389725774e+00,2.1951994251e+01,-2.3435712956e-01,9.7215057261e-01
3.2080882822e-04,1.0338190905e-04,-3.8698455647e+00,-9.0155316215e+00,-3.0938687252e+00,1.5627795999e+01,5.5408550816e+00,-1.2504569372e+01,5.5408550816e+00,1.2504569372e+01,0.0000000000e+00,nan,nan,nan,nan,nan,nan
3.4407484443e-04,8.1015572011e-05,-4.8521644779e+00,-1.0051310348e+01,1.1156857891e+00,1.8155966062e+01,8.6141125486e+00,-1.2350591237e+01,8.6141125486e+00,1.2350591237e+01,0.0000000000e+00,nan,nan,nan,nan,nan,nan
-3.0892106160e-04,5.3494677158e-05,2.9025922394e+01,3.1119962283e+01,-4.2364693497e+00,6.0794071308e+01,4.7494199957e+01,-2.2704746913e+01,4.7494199957e+01,2.2704746913e+01,1.0000000000e+00,9.1072242615e+00,8.5636522431e+00,3.0992570091e+00,2.3135570123e+01,-3.4030753171e-01,9.4031419423e-01
-3.1173064989e-04,5.2826673914e-05,3.9186674790e+01,2.7105183771e+01,-4.2025079353e+00,5.9855774975e+01,5.2049831222e+01,-1.7065664367e+01,5.2049831222e+01,1.7065664367e+01,1.0000000000e+00,8.4922886727e+00,8.1523550915e+00,2.3786705032e+00,2.2976984718e+01,-2.8009769744e-01,9.5997149952e-01
-3.0609913275e-04,5.4323876343e-05,1.8698249212e+01,3.2097026668e+01,-5.1287033612e+00,5.8954614986e+01,4.0822235757e+01,-2.7252689907e+01,4.0822235757e+01,2.7252689907e+01,0.0000000000e+00,nan,nan,nan,nan,nan,nan
-3.0336440432e-04,5.5281026833e-05,1.2085256533e+01,3.2306637311e+01,-5.2646837038e+00,5.7745801474e+01,3.6749840440e+01,-2.9929267611e+01,3.6749840440e+01,2.9929267611e+01,1.0000000000e+00,9.7618953516e+00,9.0512518320e+00,3.6564246373e+00,2.3202937126e+01,-3.7456093367e-01,9.2720230099e-01
-2.3884596498e-04,8.3563499529e-05,-8.6756313457e+00,2.1551584077e+01,-2.0285559142e+01,3.8650290231e+01,7.8341602251e+00,-3.6795350713e+01,7.8341602251e+00,3.6795350713e+01,1.0000000000e+00,1.6237004859e+01,1.5217511149e+01,5.6628333205e+00,2.2787660925e+01,-3.4876095497e-01,9.3721171370e-01
-2.8532570728e-04,6.3621292344e-05,-7.8040479474e+00,2.8739956357e+01,-9.5241082337e+00,4.9756599169e+01,2.0062907834e+01,-3.7391064015e+01,2.0062907834e+01,3.7391064015e+01,1.0000000000e+00,1.2345444598e+01,1.1218034419e+01,5.1541930606e+00,2.3243996681e+01,-4.1749756517e-01,9.0867804149e-01
-2.8284391224e-04,6.4941785002e-05,-8.9975872990e+00,2.8098176251e+01,-1.0264372731e+01,4.8642794204e+01,1.8452950313e+01,-3.7714910343e+01,1.8452950313e+01,3.7714910343e+01,1.0000000000e+00,1.2766002512e+01,1.1607466975e+01,5.3138997499e+00,2.3224754390e+01,-4.1625401100e-01,9.0924836999e-01
-2.6171786042e-04,7.3946552237e-05,-9.6207775201e+00,2.5221349748e+01,-1.5523090329e+01,4.3962223524e+01,1.2809667661e+01,-3.7953535510e+01,1.2809667661e+01,3.7953535510e+01,0.0000000000e+00,nan,nan,nan,nan,nan,nan
-2.9568548983e-04,5.8885174203e-05,-1.5520636327e+00,3.0926952982e+01,-6.7490724919e+00,5.3646446551e+01,2.6822222295e+01,-3.5123358420e+01,2.6822222295e+01,3.5123358420e+01,1.0000000000e+00,1.0898469560e+01,9.9564050881e+00,4.4324526474e+00,2.3258796083e+01,-4.0670413611e-01,9.1355992998e-01
3.0731281198e-04,1.1558287527e-04,-3.2432533230e+00,-8.4769951494e+00,-4.7703984170e+00,1.4740574800e+01,4.5036489591e+00,-1.2517300699e+01,4.5036489591e+00,1.2517300699e+01,0.0000000000e+00,nan,nan,nan,nan,nan,nan
-3.3084305083e-04,4.6658989861e-05,3.5269457682e+01,2.8462542931e+01,8.6962798795e-01,5.7587845375e+01,5.1317900864e+01,-1.5178815195e+01,5.1317900864e+01,1.5178815185e+01,0.0000000000e+00,nan,nan,nan,nan,nan,nan
-3.2493950598e-04,4.8810567558e-05,3.3959815986e+01,2.4391121864e+01,-4.9631324758e+00,5.4016289071e+01,4.5684660791e+01,-1.6687977281e+01,4.5684660791e+01,1.6687977284e+01,0.0000000000e+00,nan,nan,nan,nan,nan,nan
-7.7143574591e-05,9.4937713562e-05,1.3137706982e+01,3.2794524019e+00,-3.4748692027e+01,4.1856650788e+01,1.3360456077e+01,-3.4971441122e+01,1.3360403477e+01,3.4971441122e+01,0.0000000000e+00,nan,nan,nan,nan,nan,nan
-1.8404578900e-04,1.3510299774e-05,1.8364056402e+02,2.8005644087e+01,-4.4335911878e+01,2.0330319181e+02,1.8702947859e+02,-4.7724826452e+01,1.8702947859e+02,4.7724826452e+01,0.0000000000e+00,nan,nan,nan,nan,nan,nan
5.1747635611e-05,1.3204931671e-04,-4.9923993493e+01,-1.2032206178e+01,-3.6703426943e+01,2.3669386674e+01,-2.9648183451e+01,-5.6979236986e+01,2.6898966429e-06,5.6979236986e+01,1.0000000000e+00,1.0000527048e+01,9.8294391927e+00,1.8419192151e+00,1.9949084504e+01,-1.8418221422e-01,9.8289211614e-01
3.8111427499e-04,1.2729949944e-05,3.5868052805e+00,-1.8641610121e+01,2.0465891939e+01,3.5418101433e+01,3.2474999006e+01,-8.4223017866e+00,3.2474999006e+01,8.4172680178e+00,0.0000000000e+00,nan,nan,nan,nan,nan,nan
-1.4222824901e-04,6.7732977803e-05,4.7207337017e+01,1.6953791648e+01,-3.5513033715e+01,7.7421053710e+01,5.0546217851e+01,-3.8851914550e+01,5.0546217851e+01,3.8851914550e+01,0.0000000000e+00,nan,nan,nan,nan,nan,nan
-1.8645019027e-04,9.9992497218e-05,-3.7203695217e+00,1.6510470581e+01,-2.6338549418e+01,3.4658592564e+01,4.9806882770e+00,-3.5039607216e+01,4.9806869833e+00,3.5039607216e+01,1.0000000000e+00,1.8163570753e+01,1.7547447763e+01,4.6906694075e+00,2.2144354405e+01,-2.5824599531e-01,9.6607919236e-01
-2.7130521358e-04,3.9602031049e-05,7.7270332164e+01,4.6474949516e+01,-8.1923730847e+00,1.0934575218e+02,9.7669778993e+01,-2.8591819913e+01,9.7669778993e+01,2.8591819913e+01,0.0000000000e+00,nan,nan,nan,nan,nan,nan
-1.1766018824e-04,1.1481024091e-04,-6.0250921480e+00,9.2029311873e+00,-2.9987402173e+01,2.6163609038e+01,-2.9006804397e+00,-3.3111813882e+01,2.3018648966e-02,3.3111813882e+01,1.0000000000e+00,1.9136907584e+01,1.8879523756e+01,3.1280688361e+00,2.1309000231e+01,-1.6345738320e-01,9.8655039602e-01
-9.7430410959e-05,1.1578097601e-04,-6.8449851524e+00,7.0351693252e+00,-3.0801164880e+01,2.4056567802e+01,-4.9340091201e+00,-3.2712140912e+01,-1.2694519229e-03,3.2712140912e+01,0.0000000000e+00,nan,nan,nan,nan,nan,nan
-1.0803081966e-04,1.1646305616e-04,-7.2215953875e+00,8.2020478116e+00,-3.0270220586e+01,2.4496345453e+01,-4.6029363454e+00,-3.2888879628e+01,-5.8428335688e-03,3.2888879628e+01,1.0000000000e+00,1.9159443310e+01,1.8946669863e+01,2.8474495665e+00,2.1158167977e+01,-1.4861859608e-01,9.8889459140e-01
6.2263990678e-05,1.3414521982e-04,-4.7623391796e+01,-1.4352465941e+01,-4.0641476145e+01,2.5459740547e+01,-2.9433245912e+01,-5.8831622029e+01,-1.2723700811e-04,5.8831621799e+01,0.0000000000e+00,nan,nan,nan,nan,nan,nan
-3.6508760866e-04,2.5379358315e-05,7.1229873274e+01,6.5930604605e+01,4.1790962557e+01,1.1693956683e+02,1.2402550830e+02,-1.1004672472e+01,1.2402550830e+02,1.1005563018e+01,1.0000000000e+00,7.6026107597e+00,5.8651047438e+00,4.8373791155e+00,2.4016876658e+01,-6.3627867695e-01,7.7145929592e-01
-3.5072327542e-04,3.5430117481e-05,5.3730201445e+01,4.8597918552e+01,2.3648005412e+01,8.8072520518e+01,8.9537796858e+01,-1.2159590001e+01,8.9537796858e+01,1.2159582130e+01,0.0000000000e+00,nan,nan,nan,nan,nan,nan
-3.4477624611e-04,3.8876708222e-05,4.8099881819e+01,4.2673224461e+01,1.7109587494e+01,7.8578975992e+01,7.7972327598e+01,-1.2762858285e+01,7.7972327598e+01,1.2762859462e+01,0.0000000000e+00,nan,nan,nan,nan,nan,nan
-3.7684196206e-04,1.2896622764e-05,9.1182305207e+01,7.8788822404e+01,5.1098864345e+01,1.4076777596e+02,1.5241289812e+02,-1.0131728567e+01,1.5241289812e+02,1.0096573915e+01,0.0000000000e+00,nan,nan,nan,nan,nan,nan
-3.6783819886e-04,2.0842790953e-05,7.6307238012e+01,6.6816666874e+01,3.9840529084e+01,1.1991794693e+02,1.2730854249e+02,-1.1160775396e+01,1.2730854249e+02,1.1160769868e+01,0.0000000000e+00,nan,nan,nan,nan,nan,nan
1.0601852653e-04,1.5745566119e-04,4.9716628861e+00,9.5082472435e-01,-1.7189381455e+01,1.9292433948e+01,5.0296326489e+00,-1.7247351218e+01,5.0341591975e+00,1.7247350839e+01,1.0000000000e+00,2.5587624418e+01,2.4452374561e+01,7.5371016785e+00,1.9838713968e+01,-2.9456043106e-01,9.5563285442e-01
-1.7898715628e-04,1.0086977393e-04,-2.4850006567e+00,1.6002633955e+01,-2.6951424893e+01,3.4886405677e+01,5.4234629334e+00,-3.4859888483e+01,5.4234803165e+00,3.4859888483e+01,0.0000000000e+00,nan,nan,nan,nan,nan,nan
-1.8155561936e-04,1.0149640668e-04,-3.7917873695e+00,1.5932502424e+01,-2.6710152100e+01,3.3989355646e+01,4.3727938966e+00,-3.4874733366e+01,4.3727655184e+00,3.4874733366e+01,1.0000000000e+00,1.8258813519e+01,1.7668681180e+01,4.6045603991e+00,2.2096571925e+01,-2.5218289208e-01,9.6767959002e-01
3.8177887430e-04,3.1263404825e-05,-5.5376669165e+00,-1.3028131071e+01,1.9110784063e+01,3.1034062809e+01,2.4704083090e+01,-1.1130965943e+01,2.4704083090e+01,1.1131077628e+01,1.0000000000e+00,2.2308843868e+00,9.6659146989e-01,-2.0106083849e+00,1.3712663172e+01,9.0126068246e-01,4.3327725794e-01
-2.8785425666e-04,6.2357203044e-05,-6.5343800272e+00,2.9338572253e+01,-8.7945412142e+00,5.0797910772e+01,2.1663726838e+01,-3.6992648079e+01,2.1663726838e+01,3.6992648079e+01,1.0000000000e+00,1.1892170874e+01,1.0809780656e+01,4.9570525796e+00,2.3257115096e+01,-4.1683327897e-01,9.0898295779e-01
-2.7135535195e-04,6.7311528972e-05,-4.0431713054e+00,2.8799133367e+01,-1.2629288773e+01,5.0413060517e+01,2.0769764023e+01,-3.7442224100e+01,2.0769764023e+01,3.7442224100e+01,0.0000000000e+00,nan,nan,nan,nan,nan,nan
-2.7082908908e-04,6.9899956665e-05,-9.3130589040e+00,2.6628672962e+01,-1.3307648146e+01,4.6229349699e+01,1.5380173967e+01,-3.8000881018e+01,1.5380173968e+01,3.8000881018e+01,1.0000000000e+00,1.3875020913e+01,1.2683718462e+01,5.6248992273e+00,2.3142330995e+01,-4.0539753148e-01,9.1414049329e-01
-2.7329259865e-04,6.8531979038e-05,-8.5628551967e+00,2.7255340285e+01,-1.2607797295e+01,4.7306036004e+01,1.6726826374e+01,-3.7897478867e+01,1.6726826374e+01,3.7897478867e+01,0.0000000000e+00,nan,nan,nan,nan,nan,nan
-9.7043503103e-05,9.5321464520e-05,1.3011253504e+01,6.6749817134e+00,-3.3741280345e+01,4.2105564376e+01,1.3944645506e+01,-3.4674672347e+01,1.3944645561e+01,3.4674672347e+01,0.0000000000e+00,nan,nan,nan,nan,nan,nan
-1.8512030354e-04,9.5258382512e-05,1.5767839072e+00,1.7859306981e+01,-2.6645721203e+01,3.9421351938e+01,1.0225459505e+01,-3.5294396801e+01,1.0225459755e+01,3.5294396801e+01,0.0000000000e+00,nan,nan,nan,nan,nan,nan
3.4133150975e-04,8.8592741981e-05,-4.9158401988e+00,-9.5282017567e+00,3.1012008028e-01,1.7108781565e+01,7.5748995828e+00,-1.2180619701e+01,7.5748995828e+00,1.2180619701e+01,1.0000000000e+00,1.3841301986e+01,9.8084315545e+00,-9.7660796177e+00,1.3804658715e+01,7.0557521451e-01,7.0863503770e-01
3.4826187971e-04,8.1985732263e-05,-5.2706277932e+00,-9.7545923314e+00,1.8519820251e+00,1.7982143566e+01,8.6726725443e+00,-1.2091318312e+01,8.6726725443e+00,1.2091318312e+01,1.0000000000e+00,1.1946615336e+01,7.9833965802e+00,-8.8874629128e+00,1.3697046406e+01,7.4393145363e-01,6.6825593323e-01
1.4123752487e-04,1.2283708453e-04,-9.8693414359e+00,9.6913951255e-02,-1.6977659317e+01,6.1712059184e+00,-9.8605529783e+00,-1.6986447775e+01,-2.7846563511e-06,1.6986447775e+01,0.0000000000e+00,nan,nan,nan,nan,nan,nan
1.1863930910e-04,1.4929178491e-04,-3.8467408138e+00,-1.6138823013e+00,-1.6832944328e+01,1.1592389080e+01,-3.6469736152e+00,-1.7032711527e+01,3.3226582112e-02,1.7032711592e+01,0.0000000000e+00,nan,nan,nan,nan,nan,nan
2.5071378068e-04,1.2160638208e-04,-1.9804945874e+00,-7.2606844244e+00,-9.6640851670e+00,1.4227303449e+01,2.3918475987e+00,-1.4036427353e+01,2.3918451092e+00,1.4036427353e+01,0.0000000000e+00,nan,nan,nan,nan,nan,nan
3.3140004194e-04,9.8170754769e-05,-4.4385085365e+00,-9.1490833707e+00,-1.5486118136e+00,1.6040326718e+01,6.2673267737e+00,-1.2254447124e+01,6.2673267737e+00,1.2254447124e+01,1.0000000000e+00,1.5613842718e+01,1.1643272118e+01,-1.0403186953e+01,1.3938560012e+01,6.6627973277e-01,7.4570189600e-01
3.3447946728e-04,9.1426986707e-05,-4.4800874761e+00,-9.5421762503e+00,-9.0566822030e-01,1.6811793531e+01,7.0134156722e+00,-1.2399171369e+01,7.0134156722e+00,1.2399171369e+01,0.0000000000e+00,nan,nan,nan,nan,nan,nan
3.1640957115e-04,6.8112606458e-05,-2.4598330177e+00,-1.0557880815e+01,-4.4726602938e+00,1.8367426124e+01,7.1381917615e+00,-1.4070685073e+01,7.1381917615e+00,1.4070685073e+01,0.0000000000e+00,nan,nan,nan,nan,nan,nan
2.8156099561e-04,1.2930068640e-04,-2.0235498540e+00,-7.8519433329e+00,-7.1337181096e+00,1.4300876173e+01,3.6779807264e+00,-1.2835248690e+01,3.6779807264e+00,1.2835248690e+01,0.0000000000e+00,nan,nan,nan,nan,nan,nan
2.0849520427e-04,1.2155366102e-04,-3.3057853437e+00,-5.3735230963e+00,-1.2345501556e+01,1.2161466348e+01,-8.0421757971e-01,-1.4847069320e+01,1.1997099928e-02,1.4847069320e+01,0.0000000000e+00,nan,nan,nan,nan,nan,nan
2.2784410001e-04,1.2321180003e-04,-2.2929116264e+00,-6.4029397304e+00,-1.1098335272e+01,1.3458625975e+01,1.0747178802e+00,-1.4465964779e+01,1.0718041478e+00,1.4465964779e+01,0.0000000000e+00,nan,nan,nan,nan,nan,nan
1.1854684825e-04,9.6232374778e-05,-2.7580703264e+00,1.0742755577e+00,-2.2056484827e+01,1.6809412838e+01,-2.7023585495e+00,-2.2112196604e+01,4.8479362573e-04,2.2112196604e+01,0.0000000000e+00,nan,nan,nan,nan,nan,nan
2.7206188251e-04,3.9421953270e-05,-2.1701410659e+00,-6.5588929184e+00,-1.3317634117e+01,1.4904771468e+01,8.6138622763e-01,-1.6349161411e+01,8.6077682128e-01,1.6349161411e+01,0.0000000000e+00,nan,nan,nan,nan,nan,nan
-2.3440603174e-04,8.4337177618e-05,-6.7291520403e+00,2.1610324988e+01,-2.0907903775e+01,3.9387456019e+01,8.9218304280e+00,-3.6558886243e+01,8.9218304280e+00,3.6558886243e+01,0.0000000000e+00,nan,nan,nan,nan,nan,nan
2.4934190977e-04,1.4392372540e-04,-3.9181679149e-01,-7.0713832737e+00,-9.2219200893e+00,1.4438107138e+01,3.5289766023e+00,-1.3142713483e+01,3.5289766217e+00,1.3142713483e+01,0.0000000000e+00,nan,nan,nan,nan,nan,nan
2.5365978007e-04,1.4438681324e-04,-4.6333575832e-01,-7.1179650345e+00,-8.9517779620e+00,1.4353242167e+01,3.5792913687e+00,-1.2994405089e+01,3.5792913623e+00,1.2994405089e+01,1.0000000000e+00,2.5025287420e+01,2.3294969557e+01,-9.1438177904e+00,1.5479720481e+01,3.6538312775e-01,9.3085722318e-01
7.4842719537e-05,6.7558624502e-05,2.6659993389e+01,-4.7756011740e+00,-2.2378968234e+01,4.3269994492e+01,2.7122455545e+01,-2.2841430391e+01,2.7122455545e+01,2.2841430391e+01,0.0000000000e+00,nan,nan,nan,nan,nan,nan
-1.9101659567e-04,9.7914159495e-05,-3.0286923530e+00,1.7257664224e+01,-2.5981932297e+01,3.5895176267e+01,6.2187773549e+00,-3.5229402005e+01,6.2187772803e+00,3.5229402005e+01,0.0000000000e+00,nan,nan,nan,nan,nan,nan
-2.2888888747e-04,4.0083948260e-05,9.4156097680e+01,4.2538579930e+01,-2.5627605654e+01,1.2723442252e+02,1.0772307411e+02,-3.9194582080e+01,1.0772307411e+02,3.9194582080e+01,0.0000000000e+00,nan,nan,nan,nan,nan,nan
2.0741078146e-04,6.7468639460e-05,-4.7979599710e+00,-2.4150461833e+00,-1.6530806782e+01,1.0990285364e+01,-4.3191391632e+00,-1.7009627590e+01,6.7442944952e-03,1.7009627590e+01,0.0000000000e+00,nan,nan,nan,nan,nan,nan
-1.6265860823e-04,1.4986160261e-05,1.7450727754e+02,2.2636490369e+01,-4.6524331875e+01,1.9539178666e+02,1.7680097346e+02,-4.8818027789e+01,1.7680097346e+02,4.8818027789e+01,0.0000000000e+00,nan,nan,nan,nan,nan,nan
-1.3449152165e-04,1.1151782534e-04,-4.3300323865e+00,1.0998265684e+01,-2.9398419242e+01,2.8879740978e+01,-1.9049958622e-01,-3.3537952042e+01,-8.6146444177e-02,3.3537952042e+01,1.0000000000e+00,1.9031457429e+01,1.8705941935e+01,3.5048692125e+00,2.1509008366e+01,-1.8416189225e-01,9.8289592401e-01
-1.3185102871e-04,1.1120849367e-04,-3.8362191199e+00,1.0783265864e+01,-2.9579778658e+01,2.9081766828e+01,8.2367017532e-02,-3.3498364796e+01,4.4181726717e-02,3.3498364795e+01,0.0000000000e+00,nan,nan,nan,nan,nan,nan
-1.4234963788e-04,1.3405348900e-05,1.7632785327e+02,1.7538839215e+01,-4.8671227489e+01,1.9720774590e+02,1.7768625807e+02,-5.0029632291e+01,1.7768625807e+02,5.0029632291e+01,0.0000000000e+00,nan,nan,nan,nan,nan,nan
-9.8208032635e-05,1.4873203869e-05,1.6858589325e+02,8.2595111323e+00,-5.0508844259e+01,1.9027953858e+02,1.6889646731e+02,-5.0819418323e+01,1.6889646731e+02,5.0819418323e+01,0.0000000000e+00,nan,nan,nan,nan,nan,nan
-2.2894418792e-04,1.3788747515e-05,1.9654708765e+02,4.2873973307e+01,-3.4354437961e+01,2.1330602948e+02,2.0424861838e+02,-4.2055968693e+01,2.0424861838e+02,4.2055968693e+01,0.0000000000e+00,nan,nan,nan,nan,nan,nan
3.1297110395e-05,4.0436818308e-05,9.8805480634e+01,-1.6272191682e+01,-2.8770369240e+01,1.1402027986e+02,1.0084719497e+02,-3.0812083574e+01,1.0084719497e+02,3.0812083574e+01,0.0000000000e+00,nan,nan,nan,nan,nan,nan
-1.4251289192e-04,4.0771620618e-05,1.0113781254e+02,1.8964793757e+01,-4.1890456376e+01,1.2814610210e+02,1.0360886463e+02,-4.4361508449e+01,1.0360886464e+02,4.4361508448e+01,0.0000000000e+00,nan,nan,nan,nan,nan,nan
-1.5580654692e-04,1.0706598747e-04,-3.2526865838e+00,1.3305372929e+01,-2.8392901078e+01,3.1700993130e+01,2.4797830860e+00,-3.4125370748e+01,2.5031806294e+00,3.4125370748e+01,0.0000000000e+00,nan,nan,nan,nan,nan,nan
1.0684597271e-05,1.3607628125e-05,1.7640483465e+02,-1.2470621350e+01,-4.1618816320e+01,1.9004461320e+02,1.7711531775e+02,-4.2329299424e+01,1.7711531775e+02,4.2329299424e+01,0.0000000000e+00,nan,nan,nan,nan,nan,nan
1.1169527160e-05,3.9646064852e-05,1.0385389536e+02,-1.2243881340e+01,-3.6099236460e+01,1.2304346108e+02,1.0491650483e+02,-3.7161845926e+01,1.0491650483e+02,3.7161845926e+01,0.0000000000e+00,nan,nan,nan,nan,nan,nan
3.6071244581e-05,1.2932521664e-04,-4.4973858948e+01,-8.6399747822e+00,-3.4612468575e+01,1.7353021203e+01,-2.9774392298e+01,-4.9811935224e+01,1.0272098942e-07,4.9811935224e+01,0.0000000000e+00,nan,nan,nan,nan,nan,nan
1.3596863481e-05,1.2832090943e-04,-4.1135023349e+01,-5.8557204791e+00,-3.4119722147e+01,1.1758237039e+01,-3.0838751428e+01,-4.4415994067e+01,-3.4014020834e-08,4.4415994067e+01,1.0000000000e+00,1.4382669256e+01,1.4340084157e+01,1.1059662349e+00,1.9840041275e+01,-7.6895756637e-02,9.9703913795e-01
1.1802340660e-05,1.2692899497e-04,-3.8485313030e+01,-5.7897788401e+00,-3.4130985478e+01,1.0612074687e+01,-3.0181265077e+01,-4.2435033431e+01,-3.7889024798e-09,4.2435033431e+01,0.0000000000e+00,nan,nan,nan,nan,nan,nan
9.5470549473e-06,1.2754110505e-04,-3.9034911860e+01,-5.2718274695e+00,-3.3756687024e+01,1.0110834174e+01,-3.0558306610e+01,-4.2233292274e+01,-9.0523489075e-09,4.2233292274e+01,1.0000000000e+00,1.4790443147e+01,1.4751371592e+01,1.0743577823e+00,1.9856126418e+01,-7.2638647244e-02,9.9735832424e-01
1.1043091105e-05,1.2293286310e-04,-3.1906326055e+01,-6.2451738115e+00,-3.4597826015e+01,1.1008724280e+01,-2.6896186109e+01,-3.9607965962e+01,-4.2670819356e-07,3.9607965962e+01,0.0000000000e+00,nan,nan,nan,nan,nan,nan
-8.6268756427e-07,1.2666705078e-04,-3.5046695368e+01,-3.6743491967e+00,-3.2984017546e+01,6.4566325417e+00,-3.0287617921e+01,-3.7743094993e+01,9.6081660970e-08,3.7743094993e+01,1.0000000000e+00,1.5831546299e+01,1.5796372029e+01,1.0547459136e+00,1.9931318929e+01,-6.6623050815e-02,9.9777821639e-01
-3.3404548572e-06,1.2639268910e-04,-3.3979424023e+01,-3.3432757270e+00,-3.2862243691e+01,5.7542087979e+00,-3.0098639859e+01,-3.6743027856e+01,1.1556868931e-07,3.6743027856e+01,1.0000000000e+00,1.6131249827e+01,1.6095989562e+01,1.0659929712e+00,1.9962449083e+01,-6.6082478580e-02,9.9781416407e-01
9.7403701404e-05,1.4980535988e-04,-1.1245038063e+00,-1.5116535223e+00,-1.7118408122e+01,1.4082446628e+01,-9.9095161254e-01,-1.7251960316e+01,-2.9075140547e-01,1.7252254636e+01,0.0000000000e+00,nan,nan,nan,nan,nan,nan
-8.3260504857e-06,1.2589191987e-04,-3.1910684453e+01,-2.7010513329e+00,-3.2649209351e+01,4.5229159516e+00,-2.9668640159e+01,-3.4891253644e+01,5.0970608525e-08,3.4891253644e+01,1.0000000000e+00,1.6410820956e+01,1.6374931239e+01,1.0847448441e+00,1.9995952628e+01,-6.6099364985e-02,9.9781304559e-01
-1.0323342592e-05,1.2136237302e-04,-2.5682987241e+01,-3.5470163404e+00,-3.3219965764e+01,8.9464105061e+00,-2.4286263989e+01,-3.4616689017e+01,-1.0358382069e-07,3.4616689017e+01,0.0000000000e+00,nan,nan,nan,nan,nan,nan
-2.8601781162e-05,1.2444918982e-04,-2.4713649213e+01,-1.9650930754e-01,-3.2000749391e+01,6.3003368968e+00,-2.4719698099e+01,-3.1994700505e+01,-2.2986630994e-07,3.1994700505e+01,1.0000000000e+00,1.7547584889e+01,1.7501290678e+01,1.2737974783e+00,2.0191229750e+01,-7.2591042381e-02,9.9736179021e-01
-1.4459740221e-04,1.1008014578e-04,-4.2160154066e+00,1.2011089044e+01,-2.8910095182e+01,2.9832784316e+01,6.6091076132e-01,-3.3787021350e+01,5.2532345376e-01,3.3787021350e+01,1.0000000000e+00,1.8949057547e+01,1.8585716307e+01,3.6929569831e+00,2.1608375512e+01,-1.9488868900e-01,9.8082536616e-01
-3.2351564682e-05,1.2212142727e-04,-2.1391780091e+01,-2.5831498359e-01,-3.2187817125e+01,9.3542100172e+00,-2.1389142936e+01,-3.2190454279e+01,-5.2243166137e-07,3.2190454279e+01,0.0000000000e+00,nan,nan,nan,nan,nan,nan
-4.1766537428e-05,1.2387100873e-04,-2.0971757343e+01,1.3693357280e+00,-3.1665690240e+01,9.5439890664e+00,-2.0808499135e+01,-3.1828948448e+01,1.4050773848e-06,3.1828948448e+01,1.0000000000e+00,1.8048861083e+01,1.7990817063e+01,1.4463359862e+00,2.0323889201e+01,-8.0134473834e-02,9.9678406192e-01
-5.5837577874e-05,1.2146080290e-04,-1.5979343273e+01,2.6414096390e+00,-3.1555399037e+01,1.4237146032e+01,-1.5547551061e+01,-3.1987191249e+01,1.0443491267e-05,3.1987191249e+01,0.0000000000e+00,nan,nan,nan,nan,nan,nan
-5.3212873131e-05,1.2144159821e-04,-1.6424385241e+01,2.3117806181e+00,-3.1635309098e+01,1.3761197765e+01,-1.6084815935e+01,-3.1974878403e+01,3.9182576067e-06,3.1974878403e+01,0.0000000000e+00,nan,nan,nan,nan,nan,nan
-6.3677827069e-05,1.2150060017e-04,-1.4746640188e+01,3.5976230980e+00,-3.1317330488e+01,1.5635859491e+01,-1.4004617652e+01,-3.2059353024e+01,1.5917753746e-05,3.2059353024e+01,1.0000000000e+00,1.8731725873e+01,1.8637054480e+01,1.8808919343e+00,2.0608544908e+01,-1.0041210015e-01,9.9494593328e-01
-7.5732687805e-05,1.1939087541e-04,-1.1395390745e+01,4.7575720392e+00,-3.1187810747e+01,1.9014564060e+01,-1.0313537067e+01,-3.2269664425e+01,1.3178321320e-04,3.2269664425e+01,0.0000000000e+00,nan,nan,nan,nan,nan,nan
-1.9549867053e-04,9.6746005297e-05,-3.3007531124e+00,1.7714771584e+01,-2.5584644854e+01,3.6244058931e+01,6.4828181972e+00,-3.5368216164e+01,6.4828181938e+00,3.5368216164e+01,0.0000000000e+00,nan,nan,nan,nan,nan,nan
5.3932825764e-05,4.1702842655e-05,8.8693346590e+01,-2.1743805950e+01,-1.8537025963e+01,1.0021439324e+02,9.2936967226e+01,-2.2780646599e+01,9.2936967226e+01,2.2780646599e+01,0.0000000000e+00,nan,nan,nan,nan,nan,nan
7.5977678153e-05,4.1549213568e-05,7.0349512363e+01,-1.7191138947e+01,-1.9696729249e+01,8.3476024660e+01,7.3521296866e+01,-2.2868513751e+01,7.3521296866e+01,2.2868513751e+01,0.0000000000e+00,nan,nan,nan,nan,nan,nan
-8.3849640444e-05,1.1958903602e-04,-1.0785018880e+01,5.7135778337e+00,-3.0887626069e+01,2.0019671793e+01,-9.2779595760e+00,-3.2394685374e+01,2.1825217330e-04,3.2394685374e+01,1.0000000000e+00,1.9037975364e+01,1.8898224728e+01,2.3025221145e+00,2.0856383228e+01,-1.2094364398e-01,9.9265937510e-01
-1.2767937980e-04,1.1313214575e-04,-5.1400592203e+00,1.0249374833e+01,-2.9632404600e+01,2.7655983619e+01,-1.4190423232e+00,-3.3353421497e+01,-4.0862549199e-02,3.3353421497e+01,1.0000000000e+00,1.9094004147e+01,1.8803815070e+01,3.3162528794e+00,2.1409392966e+01,-1.7368032676e-01,9.8480208372e-01
1.4187711220e-04,4.0668493084e-05,3.6879127665e+01,-9.7386456430e+00,-2.0606551054e+01,5.2563885444e+01,3.8484061717e+01,-2.2211485105e+01,3.8484061716e+01,2.2211485105e+01,0.0000000000e+00,nan,nan,nan,nan,nan,nan
1.0048759628e-05,6.8570721973e-05,4.7127050700e+01,-7.8035191241e+00,-3.3608441460e+01,7.1213366872e+01,4.7874361153e+01,-3.4355751914e+01,4.7874361153e+01,3.4355751914e+01,0.0000000000e+00,nan,nan,nan,nan,nan,nan
-1.1409506943e-05,6.7316020128e-05,5.0969522693e+01,-6.9915661589e+00,-3.7853144042e+01,7.7869777916e+01,5.1516326567e+01,-3.8399947916e+01,5.1516326567e+01,3.8399947916e+01,0.0000000000e+00,nan,nan,nan,nan,nan,nan
-3.1859344655e-05,6.8508008420e-05,4.9546401640e+01,-4.7038894589e+00,-3.9494059170e+01,7.7540013366e+01,4.9793918825e+01,-3.9741576355e+01,4.9793918825e+01,3.9741576355e+01,0.0000000000e+00,nan,nan,nan,nan,nan,nan
-5.3693430173e-05,6.8208647308e-05,5.0134611755e+01,-1.2601582939e+00,-4.0089187543e+01,7.8165848568e+01,5.0151785818e+01,-4.0106361606e+01,5.0151785818e+01,4.0106361606e+01,0.0000000000e+00,nan,nan,nan,nan,nan,nan
-7.5554008148e-05,6.8205964117e-05,4.9940626296e+01,2.8574113011e+00,-3.9804331690e+01,7.7877885377e+01,5.0030965389e+01,-3.9894670783e+01,5.0030965389e+01,3.9894670783e+01,0.0000000000e+00,nan,nan,nan,nan,nan,nan
-1.7459125124e-04,1.0249702965e-04,-2.9372477310e+00,1.5386410458e+01,-2.7243310924e+01,3.3957979606e+01,4.5153693391e+00,-3.4695927994e+01,4.5152432622e+00,3.4695927994e+01,0.0000000000e+00,nan,nan,nan,nan,nan,nan
-2.1830561096e-04,8.9665202214e-05,-4.6193328112e+00,2.0153882778e+01,-2.3177007400e+01,3.8426729143e+01,8.2875123091e+00,-3.6083852520e+01,8.2875123091e+00,3.6083852520e+01,0.0000000000e+00,nan,nan,nan,nan,nan,nan
-2.1633188409e-04,9.1511372459e-05,-5.8454535405e+00,1.9403029136e+01,-2.3476019052e+01,3.6909575896e+01,6.6490172833e+00,-3.5970489875e+01,6.6490172832e+00,3.5970489875e+01,1.0000000000e+00,1.7208307238e+01,1.6367822693e+01,5.3122705377e+00,2.2518720306e+01,-3.0870384079e-01,9.5115820907e-01
-2.0919750004e-04,9.2692154029e-05,-4.0773993381e+00,1.9164583017e+01,-2.4229128901e+01,3.7497769035e+01,7.4960829254e+00,-3.5802611165e+01,7.4960829252e+00,3.5802611165e+01,0.0000000000e+00,nan,nan,nan,nan,nan,nan
-2.0701512007e-04,9.4467558670e-05,-5.1410034476e+00,1.8494051920e+01,-2.4484555958e+01,3.6144676754e+01,6.0553591511e+00,-3.5680918557e+01,6.0553591512e+00,3.5680918557e+01,1.0000000000e+00,1.7482620000e+01,1.6700334910e+01,5.1711522830e+00,2.2426549710e+01,-2.9578817609e-01,9.5525355528e-01
-2.0461281435e-04,9.3797389417e-05,-3.4596653180e+00,1.8797820488e+01,-2.4707673908e+01,3.7396272864e+01,7.5070785914e+00,-3.5674417818e+01,7.5070785914e+00,3.5674417819e+01,0.0000000000e+00,nan,nan,nan,nan,nan,nan
-9.3201443005e-05,1.1767401353e-04,-8.5893220569e+00,6.6357952354e+00,-3.0757613356e+01,2.2372504284e+01,-6.7566963356e+00,-3.2590239078e+01,-2.7193616355e-04,3.2590239078e+01,0.0000000000e+00,nan,nan,nan,nan,nan,nan
1.8616880508e-04,9.6565751043e-05,-6.6223539883e+00,-1.7029475743e+00,-1.6125656056e+01,8.7333533105e+00,-6.3318011377e+00,-1.6416208907e+01,1.4758302554e-06,1.6416208907e+01,0.0000000000e+00,nan,nan,nan,nan,nan,nan
3.5799705018e-04,3.9248583638e-05,-2.4496125172e+00,-1.4131435896e+01,6.3937847570e+00,2.5638990154e+01,1.6774763987e+01,-1.2830591747e+01,1.6774763987e+01,1.2830591787e+01,0.0000000000e+00,nan,nan,nan,nan,nan,nan
-1.1945898885e-04,1.3373491885e-05,1.7405449783e+02,1.2538266522e+01,-5.0052308273e+01,1.9529269239e+02,1.7475338330e+02,-5.0751193745e+01,1.7475338330e+02,5.0751193745e+01,0.0000000000e+00,nan,nan,nan,nan,nan,nan
-1.6315854514e-04,6.8683961788e-05,4.2809611704e+01,2.1175287074e+01,-3.2864582840e+01,7.5098609950e+01,4.8330717103e+01,-3.8385688238e+01,4.8330717103e+01,3.8385688238e+01,0.0000000000e+00,nan,nan,nan,nan,nan,nan
-5.4354774690e-05,1.3368786845e-05,1.7281363482e+02,-1.1657283323e-01,-5.0454811824e+01,1.9335576778e+02,1.7281341607e+02,-5.0454593081e+01,1.7281341607e+02,5.0454593081e+01,0.0000000000e+00,nan,nan,nan,nan,nan,nan
-1.8500234898e-04,3.9891532372e-05,1.0161514848e+02,3.0422227107e+01,-3.6429882960e+01,1.3064535319e+02,1.0802076259e+02,-4.2835497068e+01,1.0802076259e+02,4.2835497068e+01,0.0000000000e+00,nan,nan,nan,nan,nan,nan
3.2298335572e-05,9.5335313918e-05,1.0550766079e+01,-2.6928663746e+00,-3.0638138610e+01,3.5969995683e+01,1.0723600424e+01,-3.0810972956e+01,1.0722766321e+01,3.0810972956e+01,0.0000000000e+00,nan,nan,nan,nan,nan,nan
2.2715221079e-04,6.8884114589e-05,-4.2691449971e+00,-3.8661270460e+00,-1.4858287576e+01,1.1352106735e+01,-3.0095744067e+00,-1.6117858166e+01,-7.9911157057e-04,1.6117858166e+01,0.0000000000e+00,nan,nan,nan,nan,nan,nan
-1.1891340425e-04,6.8879614396e-05,4.7310778300e+01,1.1872686641e+01,-3.7367698949e+01,7.6161006066e+01,4.8943117030e+01,-3.9000037679e+01,4.8943117030e+01,3.9000037679e+01,0.0000000000e+00,nan,nan,nan,nan,nan,nan
-3.6079551492e-04,1.4290361620e-05,6.6315280073e+01,4.5657181551e+01,1.1352285276e+01,9.2264626891e+01,9.2102789846e+01,-1.4435224498e+01,9.2102789846e+01,1.4435356668e+01,0.0000000000e+00,nan,nan,nan,nan,nan,nan
-3.3668871275e-04,1.3383573057e-05,1.0872971988e+02,5.4692254027e+01,6.7990690214e+00,1.2948047926e+02,1.3251998401e+02,-1.6991195106e+01,1.3251998401e+02,1.6991194897e+01,0.0000000000e+00,nan,nan,nan,nan,nan,nan
-1.1956299405e-04,9.6130907695e-05,1.1477760447e+01,1.0287682386e+01,-3.2249232696e+01,4.1849636054e+01,1.3776162517e+01,-3.4547634766e+01,1.3776174921e+01,3.4547634766e+01,0.0000000000e+00,nan,nan,nan,nan,nan,nan
9.6451632616e-05,6.7492937159e-05,2.0319578471e+01,-3.7899650073e+00,-2.2550929729e+01,3.7706503593e+01,2.0654184370e+01,-2.2885535629e+01,2.0654184252e+01,2.2885535628e+01,0.0000000000e+00,nan,nan,nan,nan,nan,nan
-2.7150116444e-04,1.3044219563e-05,2.1048542776e+02,6.1927574621e+01,-9.4930244697e+00,2.1861840310e+02,2.2671559552e+02,-2.5723192230e+01,2.2671559552e+02,2.5723192230e+01,0.0000000000e+00,nan,nan,nan,nan,nan,nan
3.3890157235e-04,6.8120382810e-05,-3.6655541834e+00,-1.1261342823e+01,2.9731867833e-01,1.9801248578e+01,9.7481384442e+00,-1.3116373949e+01,9.7481384442e+00,1.3116373949e+01,0.0000000000e+00,nan,nan,nan,nan,nan,nan
1.4109726642e-04,6.7331572154e-05,1.1290757963e+01,-4.3020569453e+00,-1.9084817573e+01,2.7338325906e+01,1.1886760016e+01,-1.9680819626e+01,1.1886701703e+01,1.9680819626e+01,0.0000000000e+00,nan,nan,nan,nan,nan,nan
2.0608852586e-04,4.2227448873e-05,2.2324404059e+01,-1.1190207999e+01,-1.4237083473e+01,3.7124296739e+01,2.5477383009e+01,-1.7390062423e+01,2.5477229857e+01,1.7390062423e+01,0.0000000000e+00,nan,nan,nan,nan,nan,nan
2.9268856642e-04,4.2582852327e-05,-1.5994005775e+00,-8.5861980024e+00,-1.0438408667e+01,1.6724019918e+01,3.6367127796e+00,-1.5674522024e+01,3.6367124098e+00,1.5674522024e+01,0.0000000000e+00,nan,nan,nan,nan,nan,nan
5.5188737636e-05,1.2129830910e-04,-1.9262267978e+01,-3.3165965701e+00,-3.4215376207e+01,1.4039399787e+01,-1.8633170846e+01,-3.4844473339e+01,-1.3033540128e-03,3.4844473339e+01,0.0000000000e+00,nan,nan,nan,nan,nan,nan
-3.2132093284e-05,4.0445321452e-05,1.0390090378e+02,-4.9064962708e+00,-4.3870314131e+01,1.2825490855e+02,1.0406330080e+02,-4.4032711155e+01,1.0406330080e+02,4.4032711155e+01,0.0000000000e+00,nan,nan,nan,nan,nan,nan
-9.5806996359e-05,1.1778239031e-04,-8.5578498843e+00,6.9288902456e+00,-3.0642983840e+01,2.2575955170e+01,-6.5661830675e+00,-3.2634650657e+01,1.7208840543e-04,3.2634650657e+01,1.0000000000e+00,1.9128826051e+01,1.8955219012e+01,2.5713145065e+00,2.1007148003e+01,-1.3442092576e-01,9.9092432341e-01
-9.7327215443e-05,6.8432196885e-05,4.9046248378e+01,7.3136914157e+00,-3.8866549388e+01,7.7180205606e+01,4.9649861978e+01,-3.9470162988e+01,4.9649861978e+01,3.9470162988e+01,0.0000000000e+00,nan,nan,nan,nan,nan,nan
1.2034246129e-04,1.2334135150e-04,-9.8728468294e+00,3.8453003827e-01,-1.6986359742e+01,6.2251719780e+00,-9.8354985687e+00,-1.7023708003e+01,1.6341184959e-07,1.7023708003e+01,0.0000000000e+00,nan,nan,nan,nan,nan,nan
-2.0665606454e-04,1.3606546907e-05,1.8960853905e+02,3.4843731043e+01,-4.0389428916e+01,2.0812371090e+02,1.9476983558e+02,-4.5550725448e+01,1.9476983558e+02,4.5550725448e+01,0.0000000000e+00,nan,nan,nan,nan,nan,nan
-1.8426043790e-05,1.2755573969e-04,-3.0875415562e+01,-7.1689170857e-01,-3.1942621492e+01,1.3016394016e+00,-3.0657516668e+01,-3.2160520386e+01,8.2598687213e-08,3.2160520386e+01,1.0000000000e+00,1.6915419913e+01,1.6876772032e+01,1.1428020823e+00,2.0069159415e+01,-6.7559782033e-02,9.9771522783e-01
1.1965048421e-04,4.0033360075e-05,4.7282770811e+01,-1.1787630895e+01,-2.0955208971e+01,6.2525408576e+01,4.9262842393e+01,-2.2935280553e+01,4.9262842393e+01,2.2935280553e+01,0.0000000000e+00,nan,nan,nan,nan,nan,nan
3.5031740124e-05,1.3166282427e-04,-4.9749865114e+01,-8.0108132169e+00,-3.4003228924e+01,1.9389582586e+01,-3.0681966294e+01,-5.3071127745e+01,-8.6873129097e-09,5.3071127745e+01,1.0000000000e+00,1.2406655009e+01,1.2322326555e+01,1.4440764426e+00,1.9825341545e+01,-1.1639530893e-01,9.9320296619e-01
3.2179294828e-04,1.0710843222e-04,-3.9716319360e+00,-8.7866759183e+00,-3.0197475632e+00,1.5239124300e+01,5.3026227672e+00,-1.2294002266e+01,5.3026227672e+00,1.2294002266e+01,1.0000000000e+00,1.7248835325e+01,1.3444589344e+01,-1.0805801102e+01,1.4093869650e+01,6.2646554958e-01,7.7944911007e-01
9.8651697210e-05,1.5530955403e-04,6.0027047724e+00,-2.6958679532e-01,-1.7548548826e+01,2.0391768142e+01,6.0002707992e+00,-1.7546114853e+01,6.0575706778e+00,1.7546063217e+01,1.0000000000e+00,2.5449009864e+01,2.4184667027e+01,7.9217412141e+00,1.9946633437e+01,-3.1127895570e-01,9.5031858434e-01
1.4084568166e-04,1.6471911617e-04,8.8337522510e+00,-3.3695562448e+00,-1.3523162851e+01,2.0210354955e+01,9.3237485736e+00,-1.4013159174e+01,9.3227771923e+00,1.4013159174e+01,1.0000000000e+00,3.2475061423e+01,3.2400027068e+01,2.2063228350e+00,1.8418694441e+01,-6.7938988821e-02,9.9768947764e-01
1.5926464013e-04,1.6535172976e-04,6.9652540752e+00,-4.3643572975e+00,-1.2877345325e+01,1.8768207942e+01,7.8797842822e+00,-1.3791875532e+01,7.8797527059e+00,1.3791875532e+01,1.0000000000e+00,3.1122692851e+01,3.1110111478e+01,-8.8485825828e-01,1.7773392533e+01,2.8431288466e-02,9.9959574921e-01
1.6866606111e-04,1.6425489945e-04,5.7438406262e+00,-4.8204369217e+00,-1.2579820774e+01,1.7926176976e+01,6.9316930291e+00,-1.3767673176e+01,6.9316534182e+00,1.3767673176e+01,1.0000000000e+00,3.0396562340e+01,3.0308130618e+01,-2.3169420622e+00,1.7443925999e+01,7.6223818876e-02,9.9709073280e-01
1.7796121528e-04,1.6428026093e-04,5.1226698900e+00,-5.1041942623e+00,-1.2229854978e+01,1.7432259458e+01,6.5109271466e+00,-1.3618112235e+01,6.5109338616e+00,1.3618112235e+01,1.0000000000e+00,2.9925132528e+01,2.9757290897e+01,-3.1649953046e+00,1.7238403296e+01,1.0576378573e-01,9.9439128196e-01
2.6430854590e-04,1.3933069005e-04,-1.0794833965e+00,-7.3807531088e+00,-8.3205397823e+00,1.4238146174e+01,3.5203859368e+00,-1.2920409116e+01,3.5203859375e+00,1.2920409116e+01,0.0000000000e+00,nan,nan,nan,nan,nan,nan
2.2232084884e-04,1.5580651696e-04,1.5549076629e+00,-6.3619930840e+00,-1.0502628460e+01,1.5179603527e+01,4.2900877838e+00,-1.3237808581e+01,4.2900878002e+00,1.3237808581e+01,1.0000000000e+00,2.7371638812e+01,2.6488145326e+01,-6.8981713833e+00,1.6221241483e+01,2.5201893941e-01,9.6772230220e-01
2.3578182163e-04,1.5190882089e-04,6.8900882696e-01,-6.6762246318e+00,-9.8773315507e+00,1.4744959386e+01,3.9188449090e+00,-1.3107167633e+01,3.9188449481e+00,1.3107167633e+01,1.0000000000e+00,2.6377510057e+01,2.5142283891e+01,-7.9773803683e+00,1.5883890729e+01,3.0243113740e-01,9.5317123704e-01
-2.9810472841e-04,5.7546445396e-05,2.4160704374e+00,3.1661752351e+01,-6.1570309782e+00,5.5216138438e+01,3.0008572120e+01,-3.3749532661e+01,3.0008572120e+01,3.3749532661e+01,0.0000000000e+00,nan,nan,nan,nan,nan,nan
2.7242111804e-04,1.3730236856e-04,-1.4233342833e+00,-7.5217880580e+00,-7.7691841977e+00,1.4138523268e+01,3.5666209741e+00,-1.2759139455e+01,3.5666209742e+00,1.2759139455e+01,1.0000000000e+00,2.3496676830e+01,2.1223972932e+01,-1.0081507577e+01,1.5094935835e+01,4.2906099659e-01,9.0327551788e-01
2.8091715139e-04,1.3346226425e-04,-1.8609703709e+00,-7.7096619199e+00,-7.1545383013e+00,1.4117657969e+01,3.6430792924e+00,-1.2658587965e+01,3.6430792924e+00,1.2658587965e+01,1.0000000000e+00,2.2822570142e+01,2.0325094511e+01,-1.0380763025e+01,1.4946770798e+01,4.5484636308e-01,8.9056992201e-01
-3.1256585250e-05,1.2431179818e-04,-2.3899567521e+01,1.2187061260e-01,-3.1930909758e+01,6.9375828785e+00,-2.3909823297e+01,-3.1920653982e+01,-1.6733768904e-08,3.1920653982e+01,0.0000000000e+00,nan,nan,nan,nan,nan,nan
2.3061576210e-04,1.4923478244e-04,5.1968479188e-01,-6.6616532458e+00,-1.0191166478e+01,1.4803763138e+01,3.7112157896e+00,-1.3382697476e+01,3.7112160873e+00,1.3382697476e+01,0.0000000000e+00,nan,nan,nan,nan,nan,nan
-1.0926916946e-05,1.2564142425e-04,-3.0866890774e+01,-2.3742234979e+00,-3.2553345920e+01,4.2782915448e+00,-2.9240045572e+01,-3.4180191122e+01,-5.5771795993e-09,3.4180191122e+01,0.0000000000e+00,nan,nan,nan,nan,nan,nan
3.5446718753e-04,7.5278114269e-05,-5.5771201308e+00,-9.9931615484e+00,3.5030759802e+00,1.9007207911e+01,9.9367945288e+00,-1.2010838679e+01,9.9367945288e+00,1.2010838679e+01,1.0000000000e+00,1.0627394619e+01,6.7970846248e+00,-8.1695261177e+00,1.3643284675e+01,7.6872332408e-01,6.3958146550e-01
3.5732426664e-04,7.1776170904e-05,-5.7045897982e+00,-1.0133627890e+01,4.3863807612e+00,1.9602503299e+01,1.0658406038e+01,-1.1976615075e+01,1.0658406038e+01,1.1976615075e+01,1.0000000000e+00,9.9543650637e+00,6.2189184684e+00,-7.7726724430e+00,1.3621748938e+01,7.8083055958e-01,6.2474285689e-01
3.3902951508e-04,1.4824106837e-05,-6.1786407797e-01,-1.2892313314e+01,-3.6469729113e+00,2.2478963054e+01,1.0845816876e+01,-1.5110653865e+01,1.0845816876e+01,1.5110653866e+01,0.0000000000e+00,nan,nan,nan,nan,nan,nan
3.6302579975e-04,6.4684994773e-05,-5.9648533054e+00,-1.0396046635e+01,6.3776330132e+00,2.0935139515e+01,1.2293298289e+01,-1.1880518581e+01,1.2293298289e+01,1.1880518581e+01,1.0000000000e+00,7.9121743549e+00,4.5770741906e+00,-6.4539053972e+00,1.3583208793e+01,8.1569302037e-01,5.7848500113e-01
3.6821029740e-04,5.6862294576e-05,-6.1192266913e+00,-1.0776188180e+01,8.6932669992e+00,2.2641971115e+01,1.4359368272e+01,-1.1785327964e+01,1.4359368272e+01,1.1785327961e+01,1.0000000000e+00,6.5523305440e+00,3.5804334825e+00,-5.4875797611e+00,1.3579491301e+01,8.3750044725e-01,5.4643663937e-01
3.7321884673e-04,4.8941082002e-05,-6.2229902435e+00,-1.1186479644e+01,1.1441718193e+01,2.4677561691e+01,1.6856960860e+01,-1.1638232911e+01,1.6856960860e+01,1.1638232832e+01,1.0000000000e+00,5.2229524297e+00,2.6835154519e+00,-4.4808455567e+00,1.3594313572e+01,8.5791429598e-01,5.1379281890e-01
3.8865616321e-04,1.7358633448e-05,-3.1342013317e+00,-1.6524826892e+01,2.9715252480e+01,4.0310285258e+01,3.6563679619e+01,-9.9826284706e+00,3.6563679619e+01,1.0001754579e+01,1.0000000000e+00,5.2687576181e-01,2.0155126134e-01,-4.8680094231e-01,1.3877031994e+01,9.2393876811e-01,3.8254039367e-01
-2.0251643078e-04,9.5735936902e-05,-4.7537436773e+00,1.8078193289e+01,-2.4929060741e+01,3.5853747808e+01,5.8587687390e+00,-3.5541573157e+01,5.8587687390e+00,3.5541573156e+01,1.0000000000e+00,1.7610434101e+01,1.6856884040e+01,5.0963565102e+00,2.2380457147e+01,-2.8939414446e-01,9.5721002353e-01
-3.1699653176e-04,4.0354084526e-05,4.7947575805e+01,3.0933988695e+01,-2.2895375443e+00,6.9067736762e+01,6.2705295542e+01,-1.7047257281e+01,6.2705295542e+01,1.7047257281e+01,0.0000000000e+00,nan,nan,nan,nan,nan,nan
7.5188550946e-05,1.4188345047e-04,-3.3100709538e+01,-7.0562688841e+00,-3.5769977222e+01,1.0636465493e+01,-2.8294377164e+01,-4.0576309596e+01,-9.7270263262e-01,4.0557018236e+01,1.0000000000e+00,8.3358511295e+00,4.9979035727e+00,6.6713847087e+00,2.1415052116e+01,-8.0032435861e-01,5.9956727814e-01
3.7796544985e-04,4.0535723042e-05,-6.1769954585e+00,-1.1748863942e+01,1.4842958641e+01,2.7291429509e+01,2.0089695765e+01,-1.1423732582e+01,2.0089695765e+01,1.1423736203e+01,1.0000000000e+00,3.3477109646e+00,1.5558365372e+00,-2.9642100756e+00,1.3651794387e+01,8.8544384712e-01,4.6474637556e-01
-6.6365440113e-05,1.2138075615e-04,-1.4250941982e+01,3.8985560567e+00,-3.1250224863e+01,1.6187494432e+01,-1.3404729155e+01,-3.2096437690e+01,1.3599600877e-05,3.2096437690e+01,0.0000000000e+00,nan,nan,nan,nan,nan,nan
-3.6437651293e-05,1.2403990119e-04,-2.2364217446e+01,7.3132556617e-01,-3.1803079798e+01,8.2503055186e+00,-2.2320332510e+01,-3.1846964734e+01,7.3655668318e-07,3.1846964734e+01,1.0000000000e+00,1.7895083092e+01,1.7841417349e+01,1.3848559016e+00,2.0278631696e+01,-7.7387508871e-02,9.9700109000e-01
2.8470726411e-04,1.3157975378e-04,-2.0580813881e+00,-7.7964780254e+00,-6.8608920514e+00,1.4128972023e+01,3.6978790809e+00,-1.2616852520e+01,3.6978790809e+00,1.2616852520e+01,1.0000000000e+00,2.2470785840e+01,1.9860283204e+01,-1.0512153315e+01,1.4873563250e+01,4.6781422731e-01,8.8382682055e-01
-1.5947527271e-04,1.0909059815e-04,-5.6770472140e+00,1.3180039505e+01,-2.8013991496e+01,2.9920241902e+01,4.2894036145e-01,-3.4119979072e+01,3.3606470532e-01,3.4119979072e+01,1.0000000000e+00,1.8728697523e+01,1.8282098110e+01,4.0655872407e+00,2.1805958407e+01,-2.1707794873e-01,9.7615427273e-01
3.8462036199e-04,2.6488259436e-05,-5.2627294282e+00,-1.3621659892e+01,2.2312720900e+01,3.3545175386e+01,2.7892311775e+01,-1.0842320303e+01,2.7892311775e+01,1.0842058182e+01,1.0000000000e+00,1.2737768306e+00,5.1554165189e-01,-1.1647850528e+00,1.3789146522e+01,9.1443416528e-01,4.0473467527e-01
-2.5927013163e-04,7.5026740757e-05,-9.6567976636e+00,2.4830296916e+01,-1.6099069230e+01,4.3355915401e+01,1.2153615981e+01,-3.7909482875e+01,1.2153615981e+01,3.7909482875e+01,1.0000000000e+00,1.4794263426e+01,1.3630184009e+01,5.7522442749e+00,2.3036942852e+01,-3.8881586121e-01,9.2131548672e-01
3.5663592963e-04,6.7807986895e-05,-5.3963185140e+00,-1.0636151870e+01,4.5624903935e+00,2.0336847992e+01,1.1324570603e+01,-1.2158398723e+01,1.1324570603e+01,1.2158398723e+01,0.0000000000e+00,nan,nan,nan,nan,nan,nan
-3.8748972790e-04,8.3038961223e-06,1.4243887116e+02,1.2739277806e+02,1.0606664312e+02,2.2306876995e+02,2.5304157152e+02,-4.5360572415e+00,2.5304157152e+02,5.5400048531e+00,1.0000000000e+00,2.4451984680e+00,1.7734658502e+00,1.6833937227e+00,2.3890961237e+01,-6.8844870664e-01,7.2528503247e-01
-1.9794939894e-04,9.7007054118e-05,-4.4244662287e+00,1.7636750359e+01,-2.5357344301e+01,3.5519533785e+01,5.6163071273e+00,-3.5398117657e+01,5.6163071281e+00,3.5398117657e+01,1.0000000000e+00,1.7847555707e+01,1.7150373054e+01,4.9396304362e+00,2.2286437663e+01,-2.7676789568e-01,9.6093679913e-01
-3.3607141775e-04,4.4554805606e-05,4.0772577791e+01,3.5520249682e+01,9.4835801883e+00,6.7118283081e+01,6.3878837794e+01,-1.3622679815e+01,6.3878837794e+01,1.3622679827e+01,0.0000000000e+00,nan,nan,nan,nan,nan,nan
2.1368650039e-04,1.5834162159e-04,2.2092294333e+00,-6.1376809138e+00,-1.0867216310e+01,1.5531386275e+01,4.6380566082e+00,-1.3296043485e+01,4.6380567563e+00,1.3296043485e+01,1.0000000000e+00,2.7848089116e+01,2.7123887710e+01,-6.3095786608e+00,1.6396514953e+01,2.2657133258e-01,9.7399457455e-01
-1.5115917899e-04,1.0871011981e-04,-3.9527126297e+00,1.2704079057e+01,-2.8591437863e+01,3.0648665305e+01,1.4229399176e+00,-3.3967090411e+01,1.3691358881e+00,3.3967090411e+01,1.0000000000e+00,1.8848415691e+01,1.8444700565e+01,3.8801797832e+00,2.1706964382e+01,-2.0586238370e-01,9.7858095167e-01
-1.7697345311e-04,1.0269481254e-04,-3.7245151855e+00,1.5441720548e+01,-2.7041887021e+01,3.3511027955e+01,3.9643999075e+00,-3.4730802114e+01,3.9641559209e+00,3.4730802114e+01,1.0000000000e+00,1.8348728263e+01,1.7784042711e+01,4.5170403747e+00,2.2048507217e+01,-2.4617729958e-01,9.6922481250e-01
-2.3228457273e-04,8.5870077572e-05,-7.3742255798e+00,2.0936728730e+01,-2.1343924999e+01,3.8222376994e+01,7.7086243569e+00,-3.6426774936e+01,7.7086243569e+00,3.6426774936e+01,1.0000000000e+00,1.6585439691e+01,1.5627134872e+01,5.5560296444e+00,2.2698915278e+01,-3.3499441366e-01,9.4222011378e-01
2.9635490387e-04,1.2114530484e-04,-2.7272809305e+00,-8.2348712835e+00,-5.8770029430e+00,1.4520625361e+01,4.0813450245e+00,-1.2685628898e+01,4.0813450245e+00,1.2685628898e+01,0.0000000000e+00,nan,nan,nan,nan,nan,nan
2.9282628941e-04,1.2365799434e-04,-2.5514275736e+00,-8.1240497629e+00,-6.1969047082e+00,1.4420114227e+01,3.9512906898e+00,-1.2699622971e+01,3.9512906898e+00,1.2699622971e+01,0.0000000000e+00,nan,nan,nan,nan,nan,nan
2.7189359938e-05,1.2887954378e-04,-4.3102228222e+01,-7.1483733106e+00,-3.3878445311e+01,1.4687242235e+01,-3.0010653509e+01,-4.6970020024e+01,-1.6368832502e-08,4.6970020024e+01,1.0000000000e+00,1.3318167318e+01,1.3248721393e+01,1.3582938365e+00,1.9830149990e+01,-1.0198804416e-01,9.9478562457e-01
-8.9186493347e-05,1.1937583558e-04,-1.0210284938e+01,6.2903744795e+00,-3.0720614114e+01,2.0833922242e+01,-8.4369789115e+00,-3.2493920140e+01,1.7606955579e-04,3.2493920140e+01,1.0000000000e+00,1.9075199869e+01,1.8924746864e+01,2.3910680019e+00,2.0906448686e+01,-1.2534956479e-01,9.9211263806e-01
-1.9355691203e-04,9.8264046335e-05,-4.2138930957e+00,1.7184163863e+01,-2.5745881733e+01,3.5119714300e+01,5.2964890906e+00,-3.5256263920e+01,5.2964890968e+00,3.5256263920e+01,1.0000000000e+00,1.7957652282e+01,1.7288015806e+01,4.8581668338e+00,2.2239658008e+01,-2.7053463100e-01,9.6271024375e-01
1.9571348953e-04,1.6196589491e-04,3.5879207178e+00,-5.6576637471e+00,-1.1580932960e+01,1.6387266818e+01,5.4646867878e+00,-1.3457699030e+01,5.4646848813e+00,1.3457699030e+01,1.0000000000e+00,2.9004296276e+01,2.8624755775e+01,-4.6768108040e+00,1.6850803619e+01,1.6124544997e-01,9.8691433512e-01
-7.1625735967e-05,1.2112942073e-04,-1.3333317830e+01,4.4790618814e+00,-3.1117357437e+01,1.7239128020e+01,-1.2272322430e+01,-3.2178352836e+01,-4.9776003959e-06,3.2178352836e+01,1.0000000000e+00,1.8879578908e+01,1.8768537141e+01,2.0446303651e+00,2.0707002063e+01,-1.0829851529e-01,9.9411841930e-01
-1.3030647460e-04,1.1268076281e-04,-4.9521289102e+00,1.0522869207e+01,-2.9531176111e+01,2.8021284510e+01,-1.0635563555e+00,-3.3419748665e+01,-3.0421338733e-02,3.3419748665e+01,1.0000000000e+00,1.9065002573e+01,1.8757464342e+01,3.4105504823e+00,2.1459289126e+01,-1.7889063845e-01,9.8386896459e-01
4.3335294053e-05,1.3072567826e-04,-4.8313767177e+01,-9.9367585621e+00,-3.5439055181e+01,2.0447966076e+01,-3.0070772461e+01,-5.3682049897e+01,1.0341372200e-07,5.3682049897e+01,1.0000000000e+00,1.1286860913e+01,1.1170819116e+01,1.6143201514e+00,1.9862597865e+01,-1.4302649460e-01,9.8971886000e-01
6.4400644066e-05,1.3505603638e-04,-4.7442103622e+01,-1.5075779095e+01,-4.1789545582e+01,2.6449415875e+01,-2.9345247227e+01,-5.9886401977e+01,4.5430180821e-04,5.9886402717e+01,1.0000000000e+00,7.4059550246e+00,7.0736927798e+00,2.1934083713e+00,2.0248510692e+01,-2.9616820032e-01,9.5513580035e-01
-3.7825434439e-04,1.4289738804e-05,9.7919679568e+01,8.9678291381e+01,6.5352078198e+01,1.5783817962e+02,1.7276379437e+02,-9.4920366077e+00,1.7276379437e+02,9.5276581995e+00,1.0000000000e+00,4.6869229715e+00,3.4443039486e+00,3.1786816843e+00,2.3994914081e+01,-6.7820224562e-01,7.3487530509e-01
-3.5546348860e-04,3.2537970328e-05,5.8657049699e+01,5.3795797913e+01,2.9360626325e+01,9.6539894610e+01,9.9746172152e+01,-1.1728496129e+01,9.9746172152e+01,1.1728537123e+01,1.0000000000e+00,9.7227304095e+00,7.7926732230e+00,5.8142695720e+00,2.3972481891e+01,-5.9800789769e-01,8.0149020849e-01
-7.4309335075e-05,1.2095133025e-04,-1.2860318086e+01,4.7662714781e+00,-3.1052645585e+01,1.7781808775e+01,-1.1690149752e+01,-3.2222813919e+01,-2.1380590041e-05,3.2222813919e+01,1.0000000000e+00,1.8940501454e+01,1.8820447392e+01,2.1291677424e+00,2.0756578324e+01,-1.1241348323e-01,9.9366151621e-01
-3.4070402071e-04,4.2486332736e-05,4.4662658144e+01,4.0035453013e+01,1.4725849014e+01,7.4030453979e+01,7.2435756112e+01,-1.3047248954e+01,7.2435756112e+01,1.3047249028e+01,1.0000000000e+00,1.3392745141e+01,1.1494057423e+01,6.8740283959e+00,2.3774678165e+01,-5.1326507922e-01,8.5823013141e-01
-5.4588655218e-05,1.2304634541e-04,-1.7606817222e+01,2.7725770802e+00,-3.1399045717e+01,1.2865592099e+01,-1.7074978408e+01,-3.1930884531e+01,-1.7005546096e-06,3.1930884531e+01,1.0000000000e+00,1.8546554859e+01,1.8466129420e+01,1.7253293483e+00,2.0511512568e+01,-9.3026945512e-02,9.9566359148e-01
3.1885965517e-05,1.2969733703e-04,-4.5128298546e+01,-7.8791691078e+00,-3.3970838922e+01,1.6685577343e+01,-2.9916146163e+01,-4.9182991304e+01,-3.1359816359e-08,4.9182991304e+01,1.0000000000e+00,1.2902741682e+01,1.2828291206e+01,1.3840836913e+00,1.9821872331e+01,-1.0727051083e-01,9.9422987156e-01
-3.2092937989e-04,5.1217584827e-05,2.9548495978e+01,2.4890939036e+01,-4.5521115248e+00,5.2137294141e+01,4.2599673034e+01,-1.7603288581e+01,4.2599673034e+01,1.7603288580e+01,1.0000000000e+00,1.3628608907e+01,1.3573334086e+01,1.2262065559e+00,2.2630238312e+01,-8.9972979948e-02,9.9594420671e-01
7.9141621368e-05,1.4333796182e-04,-1.0475118208e+01,-9.2319043978e-01,-5.9367671086e+00,9.2501986057e+00,-2.8653380030e+00,-1.3546547313e+01,1.3707814115e+00,1.3121688709e+01,0.0000000000e+00,nan,nan,nan,nan,nan,nan
3.7506911981e-04,4.1484457478e-05,-5.6872082680e+00,-1.2223367576e+01,1.3563342132e+01,2.6943327908e+01,1.9493804553e+01,-1.1617670689e+01,1.9493804553e+01,1.1617669092e+01,0.0000000000e+00,nan,nan,nan,nan,nan,nan
6.6265950521e-05,1.3600450238e-04,-4.7298154153e+01,-1.5830314998e+01,-4.2987407363e+01,2.7561088402e+01,-2.9230378950e+01,-6.1055182566e+01,-1.0402311544e-03,6.1055181387e+01,1.0000000000e+00,6.2485089649e+00,5.8091691914e+00,2.3016119547e+00,2.0437081928e+01,-3.6834578740e-01,9.2968886242e-01
3.6534185978e-04,5.7629867399e-05,-5.7681635185e+00,-1.1055174113e+01,7.8055235326e+00,2.2466106085e+01,1.3989492403e+01,-1.1952132389e+01,1.3989492403e+01,1.1952132391e+01,0.0000000000e+00,nan,nan,nan,nan,nan,nan
1.2110036201e-04,1.6125707038e-04,8.0387688534e+00,-1.3627474426e+00,-1.4311972875e+01,1.9496857501e+01,8.1199139157e+00,-1.4393117937e+01,8.1141501697e+00,1.4393117944e+01,1.0000000000e+00,3.2140901966e+01,3.1033066992e+01,8.3657834216e+00,1.9607369018e+01,-2.6028465008e-01,9.6553192642e-01
